GOM: Zeit [s],GOM: Dehnung (Mittelwert): Epsilon Y [%],Querdehnung (Mittelwert): Epsilon X [%],Verformung 1: LÃ¤nge Y-Differenz [mm],ZWICK-AVG: Dehnung,ZWICK-AVG: Standardkraft,ZWICK-AVG: Prfzeit,ZWICK-AVG: Geschwindigkeitsverhltnis,ZWICK-AVG: Standardweg,Sum of ZWICK samples
144.6,0.932501148,-0.219760531,0.399594799,3.2920233333333337,1280.1777777777777,141.77344444444444,1.0,3.2920233333333337,9
144.4,0.930514038,-0.2212453,0.399819921,3.2872499999999993,1279.0685714285714,141.56942857142857,1.0,3.2872499999999993,7
144.2,0.928014391,-0.219944675,0.398343432,3.282177142857143,1277.3285714285714,141.3524285714286,1.0,3.282177142857143,7
144.0,0.927655847,-0.220253642,0.398124586,3.2772875,1277.08,141.143,1.0,3.2772875,4
143.8,0.925859643,-0.219819449,0.398337736,3.273035,1276.21,140.96116666666668,1.0,3.273035,6
143.6,0.92426059,-0.220838103,0.397781801,3.267822857142857,1275.0885714285712,140.7377142857143,1.0,3.267822857142857,7
143.4,0.921923174,-0.218908586,0.395316027,3.2634000000000003,1274.465,140.54775,1.0,3.2634000000000003,4
143.2,0.920016921,-0.21949355,0.393721134,3.2586033333333333,1272.4333333333332,140.34166666666667,1.0,3.2586033333333333,6
143.0,0.918488062,-0.21863659,0.394719207,3.2537225,1270.9799999999998,140.133,1.0,3.2537225,4
142.8,0.916275572,-0.219006285,0.393819962,3.24871,1270.11,139.918,1.0,3.24871,4
142.6,0.914081234,-0.218454087,0.392660018,3.2444371428571435,1269.3642857142856,139.735,1.0,3.2444371428571435,7
142.4,0.91221533,-0.217565937,0.392597266,3.2399277777777775,1268.1755555555553,139.5426666666667,1.0,3.2399277777777775,9
142.2,0.910249785,-0.217173875,0.391524229,3.235087142857143,1266.6257142857144,139.335,1.0,3.235087142857143,7
142.0,0.909037822,-0.21604294,0.391896805,3.2307383333333335,1266.3366666666668,139.14833333333334,1.0,3.2307383333333335,6
141.8,0.907258422,-0.216162643,0.390436025,3.2262711111111115,1266.0455555555554,138.9558888888889,1.0,3.2262711111111115,9
141.6,0.904560618,-0.216456614,0.390262503,3.2211866666666666,1265.465,138.73783333333336,1.0,3.2211866666666666,6
141.4,0.902748427,-0.215766296,0.389342276,3.2169899999999996,1265.1314285714288,138.55800000000002,1.0,3.2169899999999996,7
141.2,0.900926868,-0.215541465,0.388286502,3.211712857142857,1264.634285714286,138.3325714285714,1.0,3.211712857142857,7
141.0,0.899211345,-0.215752186,0.386958292,3.207948333333333,1262.8500000000001,138.17133333333334,1.0,3.207948333333333,6
140.8,0.897359902,-0.214372399,0.387307357,3.203257777777778,1261.2044444444446,137.97122222222222,1.0,3.203257777777778,9
140.6,0.89570757,-0.214106564,0.385406839,3.1977124999999997,1260.09125,137.733125,1.0,3.1977124999999997,8
140.4,0.893785809,-0.214529047,0.384957681,3.1932425,1258.785,137.5405,1.0,3.1932425,8
140.2,0.891693485,-0.214358461,0.382912215,3.1882133333333336,1256.46,137.32483333333334,1.0,3.1882133333333336,6
140.0,0.890187931,-0.213057226,0.384077924,3.18338,1255.01,137.118,1.0,3.18338,3
139.8,0.888118128,-0.213828906,0.38152808,3.179912857142857,1254.1814285714286,136.96928571428572,1.0,3.179912857142857,7
139.6,0.886411497,-0.212479276,0.381639275,3.1747325,1254.6475,136.747875,1.0,3.1747325,8
139.4,0.884339988,-0.213118746,0.381160434,3.1700939999999997,1252.342,136.5498,1.0,3.1700939999999997,5
139.2,0.881904386,-0.211112059,0.378983009,3.1665600000000005,1252.255,136.398,1.0,3.1665600000000005,4
139.0,0.88010434,-0.210885164,0.378967491,3.160895,1250.9466666666667,136.155,1.0,3.160895,6
138.8,0.878453731,-0.211507921,0.376514591,3.155712857142858,1249.702857142857,135.93228571428568,1.0,3.155712857142858,7
138.6,0.876755748,-0.20989127,0.377247755,3.15149,1248.4288888888889,135.7511111111111,1.0,3.15149,9
138.4,0.875051596,-0.209919151,0.376374196,3.1470442857142857,1247.2114285714288,135.56071428571428,1.0,3.1470442857142857,7
138.2,0.871826893,-0.210237892,0.375161604,3.1414616666666664,1244.5583333333332,135.32166666666666,1.0,3.1414616666666664,6
138.0,0.870520509,-0.209668777,0.374263146,3.1376200000000005,1244.3633333333332,135.1578888888889,1.0,3.1376200000000005,9
137.8,0.868436887,-0.209158458,0.373755163,3.1329675,1243.75875,134.95825,1.0,3.1329675,8
137.6,0.867710357,-0.208901544,0.373104073,3.128032,1243.28,134.746,1.0,3.128032,5
137.4,0.865480576,-0.208612611,0.371286862,3.1235016666666673,1241.6516666666666,134.55116666666666,1.0,3.1235016666666673,6
137.2,0.862466389,-0.208630881,0.371637459,3.1189757142857144,1239.992857142857,134.358,1.0,3.1189757142857144,7
137.0,0.86204671,-0.20835294,0.368916523,3.1142162499999997,1238.0975,134.15349999999998,1.0,3.1142162499999997,8
136.8,0.859928988,-0.207244632,0.369300223,3.1095844444444447,1237.2022222222224,133.95577777777777,1.0,3.1095844444444447,9
136.6,0.857611455,-0.206924289,0.366592654,3.1049555555555557,1235.6533333333334,133.75777777777776,1.0,3.1049555555555557,9
136.4,0.8556713,-0.206951792,0.366860842,3.1002300000000003,1234.6137500000002,133.55562500000002,1.0,3.1002300000000003,8
136.2,0.853758516,-0.206664729,0.365762421,3.0953585714285716,1234.0214285714287,133.3464285714286,1.0,3.0953585714285716,7
136.0,0.852532757,-0.205869644,0.365767509,3.0907314285714285,1231.7800000000002,133.1467142857143,1.0,3.0907314285714285,7
135.8,0.849811122,-0.205735313,0.364995113,3.0857650000000003,1230.91,132.93449999999999,1.0,3.0857650000000003,6
135.6,0.848161738,-0.205166771,0.363358604,3.0812955555555552,1228.4911111111112,132.74255555555553,1.0,3.0812955555555552,9
135.4,0.846003551,-0.205201542,0.364288583,3.0765014285714285,1228.297142857143,132.53785714285715,1.0,3.0765014285714285,7
135.2,0.844212381,-0.203887519,0.362771096,3.0719742857142855,1225.8071428571427,132.34385714285716,1.0,3.0719742857142855,7
135.0,0.84244249,-0.203675977,0.36047678,3.067093333333333,1224.8116666666665,132.13483333333332,1.0,3.067093333333333,6
134.8,0.840158302,-0.202746489,0.360134068,3.0627544444444443,1224.2299999999998,131.94933333333333,1.0,3.0627544444444443,9
134.6,0.839230923,-0.203525289,0.360190287,3.0581199999999997,1223.068,131.75,1.0,3.0581199999999997,5
134.4,0.835967433,-0.202844547,0.358618782,3.054052857142857,1221.8257142857142,131.57500000000002,1.0,3.054052857142857,7
134.2,0.834483065,-0.202181903,0.358653357,3.048571111111111,1220.551111111111,131.3401111111111,1.0,3.048571111111111,9
134.0,0.832529787,-0.202304367,0.357699037,3.04337,1219.0,131.118,1.0,3.04337,3
133.8,0.831324688,-0.200729126,0.356827097,3.039774285714285,1218.0900000000001,130.96357142857144,1.0,3.039774285714285,7
133.6,0.829203566,-0.200691053,0.357148922,3.0345800000000005,1216.4479999999999,130.74179999999998,1.0,3.0345800000000005,5
133.4,0.827449354,-0.200701631,0.353900487,3.029962857142857,1213.612857142857,130.54357142857143,1.0,3.029962857142857,7
133.2,0.825880566,-0.200585229,0.354907284,3.025447142857143,1215.1057142857142,130.34957142857144,1.0,3.025447142857143,7
133.0,0.823945742,-0.199431651,0.353312438,3.020918333333333,1212.908333333333,130.1548333333333,1.0,3.020918333333333,6
132.8,0.821340632,-0.199795628,0.352356274,3.01602,1211.745,129.9455,1.0,3.01602,8
132.6,0.820738418,-0.19867477,0.351514963,3.011645714285714,1210.3757142857141,129.75785714285715,1.0,3.011645714285714,7
132.4,0.817954374,-0.19929991,0.350662268,3.0066249999999997,1208.6950000000002,129.54312500000003,1.0,3.0066249999999997,8
132.2,0.816453938,-0.198432885,0.351177362,3.00182,1209.13,129.338,1.0,3.00182,1
132.0,0.814254356,-0.196898921,0.347331675,2.997985,1206.9525,129.17325,1.0,2.997985,4
131.8,0.813380512,-0.197500825,0.349005373,2.9935814285714284,1204.9,128.98357142857145,1.0,2.9935814285714284,7
131.6,0.811414132,-0.197324795,0.348532665,2.987788333333333,1203.615,128.73499999999999,1.0,2.987788333333333,6
131.4,0.809746643,-0.195789892,0.346242718,2.98324375,1203.25,128.5405,1.0,2.98324375,8
131.2,0.807864938,-0.19688637,0.346134728,2.97850625,1201.5075,128.337875,1.0,2.97850625,8
131.0,0.805490007,-0.195864946,0.344218812,2.974182857142857,1200.42,128.15242857142857,1.0,2.974182857142857,7
130.8,0.803008524,-0.196013604,0.345448415,2.9688914285714287,1198.4285714285713,127.92657142857145,1.0,2.9688914285714287,7
130.6,0.801857721,-0.195191906,0.343745545,2.9647533333333334,1197.3233333333335,127.7491111111111,1.0,2.9647533333333334,9
130.4,0.799956806,-0.195812813,0.34323885,2.960234285714286,1195.6928571428573,127.55514285714285,1.0,2.960234285714286,7
130.2,0.798372129,-0.196004089,0.342534835,2.95524625,1193.66875,127.340625,1.0,2.95524625,8
130.0,0.796848396,-0.195784685,0.343369419,2.9509799999999995,1193.74,127.15800000000002,1.0,2.9509799999999995,6
129.8,0.794491651,-0.194866578,0.340955065,2.947047142857143,1192.4557142857143,126.98928571428571,1.0,2.947047142857143,7
129.6,0.792214144,-0.193710435,0.339960118,2.9415744444444445,1190.3533333333335,126.75566666666666,1.0,2.9415744444444445,9
129.4,0.79000515,-0.192935904,0.337966311,2.9369,1189.4699999999998,126.55528571428572,1.0,2.9369,7
129.2,0.789083444,-0.193199303,0.338352854,2.9320466666666665,1188.2233333333334,126.34783333333333,1.0,2.9320466666666665,6
129.0,0.787217351,-0.192863677,0.338757832,2.92743,1186.2314285714288,126.14957142857142,1.0,2.92743,7
128.8,0.785131693,-0.192068153,0.334950369,2.923078888888889,1184.7388888888888,125.96233333333333,1.0,2.923078888888889,9
128.6,0.782767722,-0.19200402,0.337247318,2.9183133333333333,1183.8666666666668,125.75783333333334,1.0,2.9183133333333333,6
128.4,0.781266815,-0.190844169,0.334074881,2.913652,1182.3,125.5578,1.0,2.913652,5
128.2,0.779215504,-0.190905189,0.333152609,2.908226,1179.8580000000002,125.3258,1.0,2.908226,5
128.0,0.776653634,-0.19051125,0.333563065,2.9044774999999996,1179.9475,125.16537500000001,1.0,2.9044774999999996,8
127.8,0.776325396,-0.190525674,0.333415992,2.8993577777777775,1178.7377777777779,124.94677777777777,1.0,2.8993577777777775,9
127.6,0.773835501,-0.190001382,0.331197322,2.894428571428572,1176.2771428571427,124.73485714285717,1.0,2.894428571428572,7
127.4,0.772722464,-0.18982372,0.330590851,2.8898477777777773,1175.2544444444447,124.5378888888889,1.0,2.8898477777777773,9
127.2,0.770690625,-0.188084349,0.33004325,2.88589,1173.7066666666667,124.36833333333334,1.0,2.88589,6
127.0,0.768560773,-0.188010863,0.328434077,2.8803583333333336,1171.6733333333334,124.13133333333333,1.0,2.8803583333333336,6
126.8,0.767060179,-0.18838528,0.32925173,2.8759455555555555,1170.6088888888887,123.94244444444445,1.0,2.8759455555555555,9
126.6,0.764664702,-0.18792677,0.328077602,2.871005,1169.06,123.73116666666665,1.0,2.871005,6
126.4,0.762484994,-0.187180075,0.326050621,2.866578,1166.9679999999998,123.54180000000001,1.0,2.866578,5
126.2,0.761222839,-0.187580047,0.326797682,2.862662,1166.62,123.3738,1.0,2.862662,5
126.0,0.759892477,-0.186996874,0.326499305,2.8578616666666665,1164.7033333333331,123.16783333333332,1.0,2.8578616666666665,6
125.8,0.757645543,-0.186823389,0.324604232,2.8536816666666667,1163.54,122.98783333333331,1.0,2.8536816666666667,6
125.6,0.755961117,-0.186047254,0.324261204,2.8481666666666667,1161.3166666666666,122.75144444444443,1.0,2.8481666666666667,9
125.4,0.753871555,-0.185505988,0.324864098,2.84378125,1160.3474999999996,122.56312500000001,1.0,2.84378125,8
125.2,0.75233144,-0.185963411,0.323672982,2.8387028571428568,1158.6071428571427,122.34642857142858,1.0,2.8387028571428568,7
125.0,0.75038091,-0.185267477,0.322815135,2.8345283333333335,1157.1533333333332,122.16783333333335,1.0,2.8345283333333335,6
124.8,0.748974667,-0.184249389,0.322417729,2.829828571428572,1155.8671428571427,121.96671428571429,1.0,2.829828571428572,7
124.6,0.746196485,-0.184641463,0.321345116,2.824691428571428,1154.6228571428571,121.74642857142858,1.0,2.824691428571428,7
124.4,0.745573758,-0.184185373,0.320744381,2.8200312499999995,1151.63625,121.545625,1.0,2.8200312499999995,8
124.2,0.743310004,-0.183196314,0.31851359,2.8153771428571432,1150.8885714285718,121.34642857142858,1.0,2.8153771428571432,7
124.0,0.742248702,-0.182917983,0.318237402,2.8111366666666666,1150.1833333333334,121.16450000000002,1.0,2.8111366666666666,6
123.8,0.740165953,-0.182933778,0.316566373,2.8066357142857146,1148.6485714285716,120.97214285714287,1.0,2.8066357142857146,7
123.6,0.738488089,-0.182162791,0.315801765,2.800687142857143,1145.9128571428573,120.71785714285716,1.0,2.800687142857143,7
123.4,0.736556956,-0.182501815,0.316208837,2.7965585714285717,1144.42,120.54114285714286,1.0,2.7965585714285717,7
123.2,0.735171676,-0.181659758,0.315730856,2.7917657142857144,1142.6771428571428,120.33528571428573,1.0,2.7917657142857144,7
123.0,0.733007685,-0.181557837,0.314618952,2.787765,1141.8375,120.162875,1.0,2.787765,8
122.8,0.731429387,-0.181864578,0.313041328,2.78327125,1139.44125,119.970375,1.0,2.78327125,8
122.6,0.73018369,-0.18040963,0.312999195,2.7781412500000005,1139.005,119.7505,1.0,2.7781412500000005,8
122.4,0.727935814,-0.179840093,0.313394583,2.77303,1137.7,119.531,1.0,2.77303,3
122.2,0.725909816,-0.179326799,0.311749425,2.7692971428571433,1136.2057142857143,119.37214285714286,1.0,2.7692971428571433,7
122.0,0.724344774,-0.180172256,0.309371908,2.7638914285714278,1135.4585714285715,119.14099999999998,1.0,2.7638914285714278,7
121.8,0.721954791,-0.179749587,0.311016828,2.7592700000000003,1132.9075,118.94300000000001,1.0,2.7592700000000003,8
121.6,0.720664931,-0.178375877,0.309826056,2.7546583333333334,1131.6,118.7445,1.0,2.7546583333333334,6
121.4,0.718142886,-0.179267637,0.307789047,2.7501599999999997,1129.9544444444446,118.55122222222222,1.0,2.7501599999999997,9
121.2,0.717178697,-0.176963153,0.306669057,2.7453214285714287,1129.2357142857143,118.34385714285715,1.0,2.7453214285714287,7
121.0,0.714248798,-0.17793432,0.306477626,2.7411462500000003,1126.80875,118.16537500000001,1.0,2.7411462500000003,8
120.8,0.713890947,-0.177442503,0.307555086,2.736395,1124.631,117.96189999999999,1.0,2.736395,10
120.6,0.712626929,-0.177123645,0.304635796,2.7315125,1122.89,117.753,1.0,2.7315125,8
120.4,0.709313306,-0.175411095,0.304012016,2.7259320000000002,1122.0179999999998,117.51379999999999,1.0,2.7259320000000002,5
120.2,0.708837151,-0.174223809,0.304689872,2.722074,1120.9730000000002,117.3481,1.0,2.722074,10
120.0,0.70643794,-0.175474484,0.30278281,2.717276666666667,1119.405,117.14166666666667,1.0,2.717276666666667,6
119.8,0.704257689,-0.176062051,0.301472,2.7126200000000003,1117.4879999999998,116.94239999999999,1.0,2.7126200000000003,5
119.6,0.702895762,-0.174905649,0.301838315,2.7080511111111116,1116.4033333333334,116.74666666666667,1.0,2.7080511111111116,9
119.4,0.700728005,-0.174881977,0.299147809,2.7031771428571427,1114.3028571428572,116.538,1.0,2.7031771428571427,7
119.2,0.700061934,-0.173638238,0.299299627,2.6988619999999997,1114.0039999999997,116.3538,1.0,2.6988619999999997,5
119.0,0.698282542,-0.173969772,0.299768478,2.694564,1111.5639999999999,116.16980000000001,1.0,2.694564,5
118.8,0.69568284,-0.174582017,0.298343547,2.6897944444444444,1109.8211111111111,115.96477777777778,1.0,2.6897944444444444,9
118.6,0.695256409,-0.173884694,0.297091933,2.6846487499999996,1107.8625,115.743,1.0,2.6846487499999996,8
118.4,0.693103526,-0.172743647,0.29732037,2.68020375,1105.9037500000002,115.55325,1.0,2.68020375,8
118.2,0.691746843,-0.172765957,0.295988545,2.6757283333333333,1105.1783333333333,115.36133333333333,1.0,2.6757283333333333,6
118.0,0.690497404,-0.171806372,0.295573504,2.670516,1101.808,115.1384,1.0,2.670516,5
117.8,0.689126354,-0.172040411,0.29385357,2.665976666666667,1101.11,114.94466666666666,1.0,2.665976666666667,6
117.6,0.686237275,-0.17114355,0.294355154,2.6613677777777784,1098.5955555555556,114.74688888888889,1.0,2.6613677777777784,9
117.4,0.685057984,-0.171210239,0.295175474,2.6571000000000002,1098.1242857142856,114.56400000000001,1.0,2.6571000000000002,7
117.2,0.683415672,-0.171448827,0.291524059,2.6521185714285713,1095.6357142857144,114.34928571428573,1.0,2.6521185714285713,7
117.0,0.680466428,-0.17023723,0.291871579,2.647648,1094.8380000000002,114.15800000000002,1.0,2.647648,5
116.8,0.680812558,-0.169815055,0.291814394,2.6428,1092.3975,113.95037500000001,1.0,2.6428,8
116.6,0.678607937,-0.169209023,0.291031135,2.637582857142857,1090.9057142857143,113.72642857142857,1.0,2.637582857142857,7
116.4,0.676205478,-0.169027594,0.289560696,2.63328125,1089.785,113.542875,1.0,2.63328125,8
116.2,0.675075447,-0.168386732,0.28832976,2.6286911111111113,1087.9455555555555,113.34677777777779,1.0,2.6286911111111113,9
116.0,0.673748919,-0.168914851,0.288375599,2.624557142857143,1084.9328571428573,113.1692857142857,1.0,2.624557142857143,7
115.8,0.671377739,-0.168710385,0.287315568,2.619742,1083.69,112.96209999999999,1.0,2.619742,10
115.6,0.669986857,-0.168476742,0.286750121,2.6148266666666666,1082.5283333333334,112.75116666666668,1.0,2.6148266666666666,6
115.4,0.668622397,-0.167619047,0.285384908,2.6102442857142854,1081.2,112.55514285714285,1.0,2.6102442857142854,7
115.2,0.666392968,-0.166888391,0.284416306,2.6059142857142854,1081.2,112.36942857142857,1.0,2.6059142857142854,7
115.0,0.665401281,-0.16653134,0.285239451,2.6010987500000002,1078.24375,112.16312500000001,1.0,2.6010987500000002,8
114.8,0.663181515,-0.166083392,0.28463859,2.596049,1076.892,111.94800000000001,1.0,2.596049,10
114.6,0.661810338,-0.16574008,0.282269412,2.5911683333333335,1074.105,111.73816666666666,1.0,2.5911683333333335,6
114.4,0.659317745,-0.165367447,0.283173142,2.5867685714285713,1072.984285714286,111.54928571428572,1.0,2.5867685714285713,7
114.2,0.658702549,-0.165228426,0.282592557,2.582418,1070.446,111.36179999999999,1.0,2.582418,5
114.0,0.656759375,-0.164482092,0.280347376,2.577366,1069.402,111.146,1.0,2.577366,5
113.8,0.655860414,-0.163831715,0.28251026,2.5730844444444445,1067.8155555555559,110.96255555555557,1.0,2.5730844444444445,9
113.6,0.654039346,-0.163588986,0.281489213,2.5683700000000003,1066.267142857143,110.76099999999998,1.0,2.5683700000000003,7
113.4,0.651775087,-0.164411095,0.279294779,2.5633611111111114,1064.1366666666668,110.54688888888889,1.0,2.5633611111111114,9
113.2,0.649573425,-0.16300833,0.278288303,2.559024285714286,1062.5314285714287,110.361,1.0,2.559024285714286,7
113.0,0.647797302,-0.162627654,0.277270242,2.5539625,1061.9099999999999,110.1435,1.0,2.5539625,4
112.8,0.645784312,-0.163122495,0.2766114,2.54971375,1060.60375,109.96062500000001,1.0,2.54971375,8
112.6,0.645349131,-0.162498913,0.276839184,2.54498,1058.948,109.758,1.0,2.54498,5
112.4,0.644134459,-0.162353992,0.27565121,2.53980125,1057.77125,109.53575000000001,1.0,2.53980125,8
112.2,0.641657192,-0.16115983,0.275258553,2.5353685714285716,1055.0642857142857,109.34642857142858,1.0,2.5353685714285716,7
112.0,0.639425737,-0.160520784,0.273465221,2.5315624999999997,1053.1999999999998,109.18350000000001,1.0,2.5315624999999997,4
111.8,0.638200629,-0.160639335,0.272430781,2.52623125,1052.7649999999999,108.955375,1.0,2.52623125,8
111.6,0.637272754,-0.160347365,0.271736607,2.5212775,1049.93375,108.742875,1.0,2.5212775,8
111.4,0.634442403,-0.159331925,0.272243002,2.51792,1048.8439999999998,108.5978,1.0,2.51792,5
111.2,0.633265316,-0.159776507,0.271542625,2.5123842857142855,1048.0942857142857,108.3607142857143,1.0,2.5123842857142855,7
111.0,0.632086547,-0.158884548,0.271972491,2.5072716666666666,1045.36,108.14166666666665,1.0,2.5072716666666666,6
110.8,0.630310986,-0.158460347,0.269800075,2.5029720000000006,1044.8349999999998,107.9579,1.0,2.5029720000000006,10
110.6,0.628306633,-0.15821015,0.268065408,2.4982022222222224,1042.0677777777778,107.75355555555556,1.0,2.4982022222222224,9
110.4,0.627121986,-0.158186132,0.268856719,2.4936885714285713,1041.1257142857144,107.561,1.0,2.4936885714285713,7
110.2,0.625578146,-0.157317668,0.266963948,2.4887849999999996,1038.39,107.350375,1.0,2.4887849999999996,8
110.0,0.624127895,-0.157527724,0.267456442,2.483478,1036.9959999999999,107.12180000000001,1.0,2.483478,5
109.8,0.622233687,-0.157252087,0.26674052,2.47912125,1035.33875,106.93550000000002,1.0,2.47912125,8
109.6,0.619767711,-0.15631342,0.265489229,2.4750975,1034.0300000000002,106.76275000000001,1.0,2.4750975,4
109.4,0.618751028,-0.1564198,0.264078452,2.4695283333333333,1032.8700000000001,106.52449999999999,1.0,2.4695283333333333,6
109.2,0.616953198,-0.156925729,0.265177398,2.4652755555555554,1030.838888888889,106.34255555555556,1.0,2.4652755555555554,9
109.0,0.615911701,-0.155233336,0.263551047,2.4608016666666668,1029.0966666666666,106.15166666666669,1.0,2.4608016666666668,6
108.8,0.613747548,-0.154784829,0.262693139,2.456182222222222,1026.7744444444445,105.95344444444446,1.0,2.456182222222222,9
108.6,0.612045654,-0.155323246,0.26194592,2.450953333333333,1025.0316666666668,105.72816666666667,1.0,2.450953333333333,6
108.4,0.610678065,-0.154484792,0.261788568,2.447122857142857,1023.9542857142858,105.56371428571428,1.0,2.447122857142857,7
108.2,0.609023614,-0.153657893,0.261777387,2.442055555555556,1021.1611111111112,105.34677777777779,1.0,2.442055555555556,9
108.0,0.607370411,-0.153442922,0.259716732,2.437772857142857,1019.7214285714286,105.16357142857143,1.0,2.437772857142857,7
107.8,0.606373772,-0.152888893,0.259959685,2.43244,1018.2271428571429,104.93514285714286,1.0,2.43244,7
107.6,0.604258251,-0.15267531,0.257528782,2.4281542857142857,1016.7342857142858,104.752,1.0,2.4281542857142857,7
107.4,0.603653987,-0.153056127,0.259532278,2.4233644444444438,1015.1600000000001,104.54688888888889,1.0,2.4233644444444438,9
107.2,0.600918414,-0.151702665,0.256853031,2.41842,1013.1300000000001,104.3345,1.0,2.41842,6
107.0,0.599662523,-0.151748816,0.256532483,2.4144666666666663,1011.9650000000001,104.16466666666666,1.0,2.4144666666666663,6
106.8,0.597187387,-0.151186992,0.256174685,2.4098289999999993,1009.643,103.96589999999999,1.0,2.4098289999999993,10
106.6,0.596102977,-0.151607699,0.255795016,2.405117142857143,1008.2728571428571,103.76342857142856,1.0,2.405117142857143,7
106.4,0.595653327,-0.150566864,0.256319197,2.400432857142857,1005.5357142857143,103.56357142857144,1.0,2.400432857142857,7
106.2,0.593420176,-0.15005143,0.254960739,2.395356,1004.9379999999999,103.3462,1.0,2.395356,5
106.0,0.591701,-0.150850249,0.253792886,2.391092857142857,1002.3,103.16385714285714,1.0,2.391092857142857,7
105.8,0.590296718,-0.14971458,0.253803449,2.386084285714286,1000.3077142857143,102.94928571428571,1.0,2.386084285714286,7
105.6,0.590015188,-0.149827534,0.251367804,2.3807319999999996,998.6658,102.7184,1.0,2.3807319999999996,5
105.4,0.587004985,-0.149104333,0.251505172,2.3766766666666665,996.8654999999999,102.545,1.0,2.3766766666666665,6
105.2,0.585839761,-0.148400218,0.250685139,2.37337,995.7037500000001,102.403,1.0,2.37337,4
105.0,0.583677228,-0.148404664,0.249207632,2.3674033333333333,993.3808333333333,102.14800000000001,1.0,2.3674033333333333,6
104.8,0.582255726,-0.148012004,0.250169753,2.36232875,991.130375,101.93075000000002,1.0,2.36232875,8
104.6,0.580200046,-0.147282678,0.248614463,2.358194,990.3028,101.75380000000001,1.0,2.358194,5
104.4,0.57973718,-0.147826998,0.248119432,2.35345,988.7348749999999,101.55037499999999,1.0,2.35345,8
104.2,0.578392003,-0.14649189,0.248162302,2.3490659999999997,987.8637999999999,101.362,1.0,2.3490659999999997,5
104.0,0.576366682,-0.146514332,0.248390295,2.3440975,984.81475,101.14824999999999,1.0,2.3440975,4
103.8,0.57377204,-0.146620637,0.244448918,2.33982125,983.943625,100.965375,1.0,2.33982125,8
103.6,0.572675685,-0.145284289,0.245088754,2.3349757142857146,982.3881428571427,100.75785714285713,1.0,2.3349757142857146,7
103.4,0.572181785,-0.14495149,0.245347064,2.3301657142857146,980.1478571428571,100.55214285714285,1.0,2.3301657142857146,7
103.2,0.5698338,-0.145044477,0.243360424,2.3254828571428567,978.4057142857143,100.35214285714287,1.0,2.3254828571428567,7
103.0,0.568010452,-0.144821207,0.24399311,2.3213642857142855,976.4145714285714,100.175,1.0,2.3213642857142855,7
102.8,0.567179523,-0.144206995,0.244212681,2.3167211111111117,974.8936666666666,99.97533333333334,1.0,2.3167211111111117,9
102.6,0.565835116,-0.144207123,0.241936694,2.312125,972.183375,99.7775,1.0,2.312125,8
102.4,0.563516106,-0.143585943,0.2429796,2.30750625,971.9655,99.58,1.0,2.30750625,8
102.2,0.562676717,-0.143657443,0.242033221,2.30263,970.7315,99.37124999999999,1.0,2.30263,6
102.0,0.560941889,-0.142287785,0.240089259,2.2980522222222226,968.1179999999999,99.17527777777778,1.0,2.2980522222222226,9
101.8,0.558038319,-0.141905274,0.239244713,2.2931960000000005,965.0397,98.96775,1.0,2.2931960000000005,10
101.6,0.557679648,-0.142507384,0.239004695,2.2883585714285712,963.7207142857143,98.76035714285715,1.0,2.2883585714285712,7
101.4,0.555443098,-0.142070182,0.237698002,2.2839657142857144,962.7252857142857,98.57178571428572,1.0,2.2839657142857144,7
101.2,0.554362113,-0.142124692,0.236053314,2.2792966666666667,961.149,98.37083333333334,1.0,2.2792966666666667,3
101.0,0.552857171,-0.142833529,0.237600886,2.274118571428571,959.9872857142857,98.14892857142856,1.0,2.274118571428571,7
100.8,0.551477201,-0.141579875,0.236540533,2.2697333333333334,956.7933333333332,97.96124999999999,1.0,2.2697333333333334,6
100.6,0.549795085,-0.141050726,0.235814782,2.264842857142857,954.7605714285713,97.75214285714286,1.0,2.264842857142857,7
100.4,0.54841807,-0.140724762,0.235267342,2.260615555555556,953.5991111111111,97.57111111111112,1.0,2.260615555555556,9
100.2,0.546999634,-0.14048167,0.233360326,2.2556216666666664,951.8568333333333,97.3575,1.0,2.2556216666666664,6
100.0,0.544914185,-0.139594182,0.233179175,2.25130875,949.969375,97.1725,1.0,2.25130875,8
99.8,0.54357626,-0.1392467,0.23236708,2.2465100000000002,949.0362857142857,96.96607142857144,1.0,2.2465100000000002,7
99.6,0.541811027,-0.139074344,0.231377886,2.241265,945.4686666666666,96.74083333333333,1.0,2.241265,6
99.4,0.540930648,-0.138738058,0.232215422,2.2368528571428574,945.0537142857144,96.55214285714284,1.0,2.2368528571428574,7
99.2,0.538435732,-0.138631792,0.2304522,2.232595,942.3472500000003,96.37,1.0,2.232595,8
99.0,0.537720582,-0.1379469,0.229244046,2.2273500000000004,939.4288,96.1455,1.0,2.2273500000000004,5
98.8,0.53573592,-0.137129109,0.228848584,2.2231899999999998,938.2091249999999,95.9678125,1.0,2.2231899999999998,8
98.6,0.534209023,-0.138225989,0.229153704,2.2181919999999997,935.2472,95.7535,1.0,2.2181919999999997,5
98.4,0.533249923,-0.136787488,0.227662659,2.21417,933.6042857142857,95.58035714285714,1.0,2.21417,7
98.2,0.531055624,-0.135911191,0.228698533,2.2085150000000002,932.98225,95.3375,1.0,2.2085150000000002,4
98.0,0.529885902,-0.135118491,0.227066813,2.2043999999999997,930.617857142857,95.16071428571429,1.0,2.2043999999999997,7
97.8,0.528728155,-0.135329005,0.226055942,2.1994357142857144,928.1288571428571,94.94892857142857,1.0,2.1994357142857144,7
97.6,0.526653632,-0.135150434,0.225505558,2.19474625,926.8842499999998,94.7478125,1.0,2.19474625,8
97.4,0.524970352,-0.134803064,0.223948025,2.1905224999999997,925.3598749999999,94.5678125,1.0,2.1905224999999997,8
97.2,0.523350682,-0.134530962,0.224442495,2.185895714285714,922.4044285714284,94.36928571428572,1.0,2.185895714285714,7
97.0,0.522121142,-0.134735961,0.223251319,2.1812985714285715,920.4131428571429,94.17178571428572,1.0,2.1812985714285715,7
96.8,0.521167313,-0.13340604,0.224263542,2.1770375,919.91525,93.98812500000001,1.0,2.1770375,4
96.6,0.519936344,-0.13307473,0.22242974,2.1717588888888884,917.5923333333335,93.76194444444444,1.0,2.1717588888888884,9
96.4,0.518494381,-0.134495186,0.221220075,2.166805,915.3421250000001,93.55031249999999,1.0,2.166805,8
96.2,0.516973931,-0.133521677,0.221645701,2.162444285714286,913.1952857142857,93.36321428571429,1.0,2.162444285714286,7
96.0,0.515398024,-0.132389078,0.219426538,2.1578433333333336,911.9784444444443,93.16666666666667,1.0,2.1578433333333336,9
95.8,0.513927249,-0.132060663,0.219851408,2.153422,911.2042000000001,92.97749999999999,1.0,2.153422,5
95.6,0.511927074,-0.131810871,0.21902537,2.14883,907.9682857142856,92.78035714285714,1.0,2.14883,7
95.4,0.510991755,-0.131763623,0.218150349,2.1439100000000004,906.4748571428571,92.56892857142859,1.0,2.1439100000000004,7
95.2,0.509593653,-0.130633798,0.217051162,2.139052857142857,904.7327142857142,92.36035714285715,1.0,2.139052857142857,7
95.0,0.508079976,-0.131082539,0.217331838,2.134778,902.8412000000001,92.1775,1.0,2.134778,5
94.8,0.506859543,-0.1302552,0.217361264,2.129464,901.4472,91.94999999999999,1.0,2.129464,5
94.6,0.504883487,-0.129918146,0.216600601,2.125024285714286,898.0125714285715,91.76035714285715,1.0,2.125024285714286,7
94.4,0.503853891,-0.12941128,0.215734466,2.12092375,897.9191250000001,91.58500000000001,1.0,2.12092375,8
94.2,0.502242836,-0.128942386,0.215643414,2.11599,894.7493333333333,91.37333333333332,1.0,2.11599,9
94.0,0.50042674,-0.128529228,0.214462987,2.11121125,892.6923750000001,91.16749999999999,1.0,2.11121125,8
93.8,0.499916909,-0.128391605,0.212422266,2.1063133333333335,890.8776666666668,90.95750000000001,1.0,2.1063133333333335,9
93.6,0.498075119,-0.128131411,0.213282056,2.10176625,889.2081249999999,90.7625,1.0,2.10176625,8
93.4,0.49625089,-0.128010544,0.211799914,2.0967350000000002,888.5547499999999,90.5475,1.0,2.0967350000000002,4
93.2,0.494943955,-0.127311758,0.212974037,2.0922300000000003,885.3603333333334,90.35458333333334,1.0,2.0922300000000003,6
93.0,0.494284047,-0.12742063,0.211812158,2.0877262500000002,883.5456249999999,90.1625,1.0,2.0877262500000002,8
92.8,0.492089246,-0.127294123,0.211556937,2.0831585714285716,882.0832857142857,89.96607142857144,1.0,2.0831585714285716,7
92.6,0.490839512,-0.126782901,0.211285036,2.078085,880.1336666666666,89.7475,1.0,2.078085,6
92.4,0.488236001,-0.126114694,0.209419125,2.0737285714285716,878.3498571428571,89.56071428571428,1.0,2.0737285714285716,7
92.2,0.488164813,-0.12600828,0.210470542,2.0695871428571424,876.6075714285715,89.38321428571429,1.0,2.0695871428571424,7
92.0,0.486153714,-0.12574111,0.208454032,2.0647100000000003,872.6251428571429,89.175,1.0,2.0647100000000003,7
91.8,0.484618598,-0.124923376,0.208279256,2.0599933333333333,871.9062222222223,88.97305555555558,1.0,2.0599933333333333,9
91.6,0.483110658,-0.124589019,0.2068881,2.055175,869.607375,88.7675,1.0,2.055175,8
91.4,0.481757061,-0.123751557,0.207269017,2.0507612500000003,866.7762499999999,88.57749999999999,1.0,2.0507612500000003,8
91.2,0.481230933,-0.124732959,0.20561341,2.0456385714285714,865.905,88.3575,1.0,2.0456385714285714,7
91.0,0.478932588,-0.123519202,0.203881142,2.0412444444444438,863.3886666666667,88.16888888888889,1.0,2.0412444444444438,9
90.8,0.47740773,-0.122910458,0.205545707,2.03655,862.2027499999999,87.9675,1.0,2.03655,8
90.6,0.476370174,-0.122408614,0.204744755,2.0318699999999996,860.67825,87.76750000000001,1.0,2.0318699999999996,4
90.4,0.474892887,-0.12295338,0.202000963,2.02726375,858.936125,87.5703125,1.0,2.02726375,8
90.2,0.473336286,-0.121914273,0.202050711,2.022217142857143,856.4472857142858,87.35464285714286,1.0,2.022217142857143,7
90.0,0.472111217,-0.121509883,0.202004695,2.017557142857143,853.7092857142856,87.15464285714286,1.0,2.017557142857143,7
89.8,0.471055526,-0.121691269,0.201455612,2.0130887499999996,851.31375,86.96281250000001,1.0,2.0130887499999996,8
89.6,0.469468709,-0.121303655,0.199525617,2.0085525,849.7893750000001,86.7675,1.0,2.0085525,8
89.4,0.46797531,-0.120493639,0.198944109,2.003857142857143,847.9848571428572,86.56642857142857,1.0,2.003857142857143,7
89.2,0.465385868,-0.121428244,0.20041235,1.9990666666666665,846.1596666666668,86.36125,1.0,1.9990666666666665,6
89.0,0.465060294,-0.119618819,0.199292175,1.99471375,844.7802500000001,86.175,1.0,1.99471375,8
88.8,0.463816623,-0.119977889,0.196996562,1.98985875,842.820125,85.9675,1.0,1.98985875,8
88.6,0.462221366,-0.119331709,0.19818718,1.9848766666666666,840.6421666666669,85.75416666666666,1.0,1.9848766666666666,6
88.4,0.461368504,-0.118418148,0.197749359,1.9811466666666668,838.3191666666667,85.59416666666668,1.0,1.9811466666666668,6
88.2,0.459876366,-0.118363601,0.196893336,1.97634625,836.94,85.38749999999999,1.0,1.97634625,8
88.0,0.458861026,-0.118942322,0.19550846,1.9706733333333333,835.125,85.14416666666666,1.0,1.9706733333333333,3
87.8,0.45688373,-0.117611037,0.194992345,1.9665525000000001,831.06,84.9675,1.0,1.9665525000000001,4
87.6,0.455459603,-0.11745966,0.19505751,1.9625742857142856,831.3088571428572,84.7975,1.0,1.9625742857142856,7
87.4,0.452934315,-0.117647763,0.194368407,1.9573150000000001,827.575375,84.57250000000002,1.0,1.9573150000000001,8
87.2,0.452530244,-0.117640057,0.193932603,1.9526922222222223,826.0267777777779,84.37527777777778,1.0,1.9526922222222223,9
87.0,0.450985158,-0.116783185,0.192651045,1.947892857142857,824.3397142857144,84.16892857142857,1.0,1.947892857142857,7
86.8,0.450225915,-0.116514895,0.192545846,1.9433714285714283,822.8464285714286,83.97464285714285,1.0,1.9433714285714283,7
86.6,0.447979139,-0.115487503,0.191221952,1.9380812499999998,820.170875,83.7475,1.0,1.9380812499999998,8
86.4,0.446601181,-0.116084205,0.190241657,1.9337566666666666,817.8962222222223,83.56194444444446,1.0,1.9337566666666666,9
86.2,0.445960238,-0.115968694,0.190817824,1.928894,816.0766,83.354,1.0,1.928894,5
86.0,0.444744172,-0.115532505,0.190271036,1.9245450000000002,814.799,83.16791666666667,1.0,1.9245450000000002,6
85.8,0.443574955,-0.115602463,0.190063085,1.9195483333333334,812.1853333333333,82.95458333333333,1.0,1.9195483333333334,6
85.6,0.441198901,-0.115195846,0.188465081,1.91526,810.152625,82.77,1.0,1.91526,8
85.4,0.439972761,-0.11478235,0.188781701,1.9109166666666664,808.9911666666667,82.58416666666666,1.0,1.9109166666666664,6
85.2,0.438559933,-0.11324212,0.188755815,1.9060416666666669,806.9585000000001,82.37416666666667,1.0,1.9060416666666669,6
85.0,0.437563818,-0.113280347,0.18727938,1.9013887500000002,804.0547499999999,82.175,1.0,1.9013887500000002,8
84.8,0.435261029,-0.112925541,0.186179373,1.8966514285714282,801.9391428571428,81.97214285714287,1.0,1.8966514285714282,7
84.6,0.433683179,-0.11338067,0.186241405,1.8919444444444444,800.2798888888889,81.77083333333333,1.0,1.8919444444444444,9
84.4,0.432787173,-0.112962769,0.18629972,1.8878899999999998,798.3052,81.5975,1.0,1.8878899999999998,5
84.2,0.431725462,-0.113041009,0.184796858,1.8826066666666665,796.2146666666666,81.37111111111112,1.0,1.8826066666666665,9
84.0,0.429539137,-0.11169615,0.183577572,1.878656,794.8208000000001,81.20150000000001,1.0,1.878656,5
83.8,0.428928446,-0.111463586,0.183609898,1.8734025,792.51225,80.9753125,1.0,1.8734025,8
83.6,0.427494352,-0.111543416,0.183593249,1.8684887500000003,790.11675,80.765,1.0,1.8684887500000003,8
83.4,0.425893556,-0.111904658,0.182151612,1.863652857142857,787.0055714285716,80.55785714285715,1.0,1.863652857142857,7
83.2,0.424893701,-0.109938476,0.181808972,1.8595114285714287,785.512,80.38035714285715,1.0,1.8595114285714287,7
83.0,0.422837543,-0.110464725,0.182149911,1.85458875,783.3652499999998,80.17,1.0,1.85458875,8
82.8,0.421945762,-0.109979213,0.179121284,1.8500277777777778,781.6955555555555,79.97527777777779,1.0,1.8500277777777778,9
82.6,0.419962096,-0.109165821,0.180107477,1.8452016666666664,779.0823333333334,79.76791666666666,1.0,1.8452016666666664,6
82.4,0.418840659,-0.108929931,0.179230604,1.8406866666666666,778.0174444444444,79.57333333333334,1.0,1.8406866666666666,9
82.2,0.417805754,-0.1085922,0.178772691,1.835556,775.3072,79.35350000000001,1.0,1.835556,5
82.0,0.417310158,-0.108186815,0.177635208,1.8311290000000002,772.8683000000001,79.16375000000001,1.0,1.8311290000000002,10
81.8,0.415358435,-0.108780176,0.177444746,1.8262266666666669,771.2421666666665,78.95458333333333,1.0,1.8262266666666669,6
81.6,0.413554731,-0.10755249,0.176640305,1.8220983333333336,769.4998333333333,78.77749999999999,1.0,1.8220983333333336,6
81.4,0.412534286,-0.107746575,0.175359483,1.8171830000000004,767.4673,78.5675,1.0,1.8171830000000004,10
81.2,0.41121604,-0.106275663,0.175953264,1.8123525,765.507125,78.36,1.0,1.8123525,8
81.0,0.408957551,-0.107722468,0.174905553,1.807655,763.3294999999999,78.15781249999999,1.0,1.807655,8
80.8,0.407645225,-0.105764864,0.173616534,1.8026119999999999,761.3692,77.94149999999999,1.0,1.8026119999999999,5
80.6,0.406587296,-0.106583196,0.173995218,1.7985928571428573,759.627142857143,77.76928571428572,1.0,1.7985928571428573,7
80.4,0.405388056,-0.105936877,0.174274429,1.7938774999999998,756.360375,77.5675,1.0,1.7938774999999998,8
80.2,0.403934807,-0.105064423,0.172687032,1.7892357142857143,755.1471428571429,77.36892857142857,1.0,1.7892357142857143,7
80.0,0.402739561,-0.103648356,0.172719072,1.7851433333333333,752.9483333333334,77.19416666666667,1.0,1.7851433333333333,6
79.8,0.401925154,-0.104912886,0.172378092,1.7794550000000002,750.262375,76.9503125,1.0,1.7794550000000002,8
79.6,0.400136152,-0.103898114,0.171059872,1.7752025000000002,749.173375,76.7675,1.0,1.7752025000000002,8
79.4,0.398298966,-0.103844907,0.170997381,1.7703237500000002,747.21325,76.55749999999999,1.0,1.7703237500000002,8
79.2,0.398071297,-0.10333619,0.170415204,1.7658566666666669,744.721,76.36638888888889,1.0,1.7658566666666669,9
79.0,0.396655181,-0.102873866,0.16993185,1.7613837500000002,742.8576249999999,76.175,1.0,1.7613837500000002,8
78.8,0.39522419,-0.103306506,0.169962731,1.7563042857142857,739.7152857142858,75.9575,1.0,1.7563042857142857,7
78.6,0.394138521,-0.10213423,0.169123258,1.7517116666666668,738.1391666666667,75.76125,1.0,1.7517116666666668,6
78.4,0.391922633,-0.102959579,0.167244263,1.7472655555555552,736.0096666666667,75.57083333333334,1.0,1.7472655555555552,9
78.2,0.390485168,-0.102144654,0.166836189,1.7424683333333337,733.2026666666667,75.36458333333333,1.0,1.7424683333333337,6
78.0,0.390213531,-0.102258719,0.166677883,1.7375399999999996,732.4975714285713,75.1525,1.0,1.7375399999999996,7
77.8,0.387211023,-0.100729444,0.166527314,1.73274625,730.2263750000001,74.94749999999999,1.0,1.73274625,8
77.6,0.386961839,-0.100665435,0.167087915,1.7286333333333335,727.6855,74.77125,1.0,1.7286333333333335,6
77.4,0.385984601,-0.100119688,0.163670578,1.7236974999999999,724.7816250000002,74.56,1.0,1.7236974999999999,8
77.2,0.383714917,-0.10027219,0.163424171,1.71884,723.475,74.3525,1.0,1.71884,4
77.0,0.382972881,-0.0998466109,0.162356694,1.7148349999999999,721.5873333333333,74.18083333333333,1.0,1.7148349999999999,6
76.8,0.381619178,-0.100040791,0.163103383,1.7095137500000002,718.2483749999999,73.9528125,1.0,1.7095137500000002,8
76.6,0.379497483,-0.099169651,0.162393028,1.7050377777777779,717.0383333333333,73.75972222222222,1.0,1.7050377777777779,9
76.4,0.378072543,-0.098818906,0.161022031,1.7007237499999999,715.63475,73.57500000000002,1.0,1.7007237499999999,8
76.2,0.377644361,-0.0983108931,0.161005368,1.695847142857143,712.5860000000001,73.36607142857143,1.0,1.695847142857143,7
76.0,0.376558085,-0.0973856816,0.161132587,1.6913616666666664,709.3916666666668,73.17416666666666,1.0,1.6913616666666664,6
75.8,0.375303086,-0.0982568493,0.159897525,1.6863714285714284,708.3544285714286,72.96071428571427,1.0,1.6863714285714284,7
75.6,0.37226924,-0.0968602588,0.160073118,1.6817244444444446,706.3913333333335,72.76222222222222,1.0,1.6817244444444446,9
75.4,0.372109972,-0.0966548007,0.158656318,1.6770825,703.656875,72.56281249999999,1.0,1.6770825,8
75.2,0.371447511,-0.0958721443,0.160539768,1.67255,702.3502500000001,72.3675,1.0,1.67255,8
75.0,0.369340888,-0.0962467456,0.157483193,1.6683228571428568,699.6434285714286,72.18607142857142,1.0,1.6683228571428568,7
74.8,0.367810267,-0.0960146209,0.156918415,1.6632966666666666,696.3248333333332,71.97083333333333,1.0,1.6632966666666666,6
74.6,0.366478432,-0.0958456851,0.157495384,1.6583057142857143,694.9145714285714,71.75785714285713,1.0,1.6583057142857143,7
74.4,0.364393531,-0.0960606469,0.155396519,1.6538666666666666,694.2921666666666,71.5675,1.0,1.6538666666666666,6
74.2,0.363608929,-0.0955878106,0.156148299,1.64908,690.1855714285713,71.36321428571429,1.0,1.64908,7
74.0,0.362856357,-0.0938489036,0.154760588,1.6445366666666665,689.0655,71.1675,1.0,1.6445366666666665,6
73.8,0.361223943,-0.0939248925,0.153479214,1.6395875,686.66975,70.95531249999999,1.0,1.6395875,8
73.6,0.360001325,-0.0940507498,0.153852356,1.6348266666666664,685.0,70.75083333333333,1.0,1.6348266666666664,6
73.4,0.358913018,-0.0940906357,0.153697964,1.63026125,682.7497500000001,70.55499999999999,1.0,1.63026125,8
73.2,0.357828763,-0.093801175,0.153998872,1.6257712500000001,681.660625,70.3628125,1.0,1.6257712500000001,8
73.0,0.356525375,-0.0931511944,0.153358104,1.620874,678.7861999999999,70.1535,1.0,1.620874,5
72.8,0.354638788,-0.0925198988,0.152441724,1.6163411111111108,676.5791111111112,69.95972222222223,1.0,1.6163411111111108,9
72.6,0.35361569,-0.0921357767,0.151678127,1.6116866666666665,674.2560000000001,69.76,1.0,1.6116866666666665,9
72.4,0.352751087,-0.0920782968,0.152504492,1.60720875,672.513875,69.5678125,1.0,1.60720875,8
72.2,0.351328927,-0.0915473779,0.149146209,1.6028599999999997,670.2738571428572,69.38071428571428,1.0,1.6028599999999997,7
72.0,0.349011569,-0.0915843489,0.149867029,1.59835,668.158375,69.1875,1.0,1.59835,8
71.8,0.348773487,-0.091253047,0.149087815,1.5926571428571428,665.5448571428572,68.94357142857143,1.0,1.5926571428571428,7
71.6,0.347101402,-0.0903416105,0.147783945,1.58877,665.5450000000001,68.7775,1.0,1.58877,2
71.4,0.345520827,-0.0903130066,0.147929454,1.5840866666666666,661.7698333333333,68.5775,1.0,1.5840866666666666,6
71.2,0.344300435,-0.0906437139,0.146776749,1.5789533333333334,658.5756666666666,68.3575,1.0,1.5789533333333334,6
71.0,0.34270937,-0.0911644636,0.146765262,1.57494,656.3978750000001,68.18531250000001,1.0,1.57494,8
70.8,0.34054122,-0.0892413822,0.144799048,1.5701224999999999,655.091125,67.9778125,1.0,1.5701224999999999,8
70.6,0.34027969,-0.0895203874,0.145834639,1.5647871428571427,652.3534285714286,67.74928571428572,1.0,1.5647871428571427,7
70.4,0.338873613,-0.0898134142,0.146028104,1.56037,650.058,67.5597222222222,1.0,1.56037,9
70.2,0.337766783,-0.0882179607,0.144396594,1.5556355555555559,647.3477777777777,67.35750000000002,1.0,1.5556355555555559,9
70.0,0.336876258,-0.0879453856,0.14258917,1.5507374999999999,644.8554999999999,67.1478125,1.0,1.5507374999999999,8
69.8,0.335132072,-0.0875680744,0.143382093,1.5463437500000001,643.5486250000001,66.96000000000001,1.0,1.5463437500000001,8
69.6,0.333301592,-0.0879512261,0.142918166,1.542092857142857,641.650857142857,66.7775,1.0,1.542092857142857,7
69.4,0.332569166,-0.0871619957,0.141180017,1.5371842857142857,638.9131428571428,66.56607142857142,1.0,1.5371842857142857,7
69.2,0.330199372,-0.0860738966,0.140700088,1.5323233333333333,636.8942222222222,66.35777777777778,1.0,1.5323233333333333,9
69.0,0.329482704,-0.086345573,0.140350341,1.5277033333333334,634.7647777777778,66.15972222222223,1.0,1.5277033333333334,9
68.8,0.32765842,-0.0852184632,0.140338335,1.5232300000000003,632.2482222222222,65.9686111111111,1.0,1.5232300000000003,9
68.6,0.327907883,-0.0867259128,0.139601832,1.518762,629.6542000000001,65.7775,1.0,1.518762,5
68.4,0.325494836,-0.0864484974,0.138068133,1.513887142857143,627.215142857143,65.56928571428573,1.0,1.513887142857143,7
68.2,0.324356673,-0.0850835349,0.138552529,1.5092050000000001,625.473,65.3675,1.0,1.5092050000000001,2
68.0,0.322294276,-0.0846584027,0.138576649,1.505465,623.1495000000001,65.2075,1.0,1.505465,6
67.8,0.322040936,-0.0842431419,0.13827193,1.4996571428571428,621.4902857142858,64.95785714285715,1.0,1.4996571428571428,7
67.6,0.320474135,-0.0835883678,0.135756558,1.4947871428571429,619.4992857142857,64.74892857142856,1.0,1.4947871428571429,7
67.4,0.319773215,-0.0840116587,0.135935744,1.4904387500000003,616.76125,64.5628125,1.0,1.4904387500000003,8
67.2,0.317819109,-0.0827745508,0.13554612,1.48553,614.801375,64.35281250000001,1.0,1.48553,8
67.0,0.31669142,-0.0829798219,0.135251232,1.48135,613.5671666666666,64.17416666666666,1.0,1.48135,6
66.8,0.315418812,-0.0826582266,0.134809205,1.4774649999999998,611.0989999999999,64.0075,1.0,1.4774649999999998,4
66.6,0.314128333,-0.0821117495,0.134994027,1.4718933333333335,608.2436666666667,63.76861111111111,1.0,1.4718933333333335,9
66.4,0.312988092,-0.0817684135,0.134401909,1.4673783333333332,606.3078333333333,63.57416666666666,1.0,1.4673783333333332,6
66.2,0.311522154,-0.0820957282,0.133165567,1.4627362499999998,603.476625,63.37531250000001,1.0,1.4627362499999998,8
66.0,0.31048943,-0.0806671921,0.133994606,1.4576475,600.427625,63.1575,1.0,1.4576475,8
65.8,0.30841898,-0.0817455078,0.132401624,1.4532855555555555,598.5642222222222,62.97083333333333,1.0,1.4532855555555555,9
65.6,0.3077018,-0.0805133701,0.132274538,1.4485225000000002,595.854125,62.767500000000005,1.0,1.4485225000000002,8
65.4,0.305372742,-0.0798604701,0.130938426,1.4440185714285714,594.3607142857143,62.574642857142855,1.0,1.4440185714285714,7
65.2,0.305134729,-0.0801328739,0.129974771,1.4395757142857142,592.1207142857141,62.38357142857142,1.0,1.4395757142857142,7
65.0,0.304016497,-0.0802360198,0.130363182,1.43478,590.337,62.1775,1.0,1.43478,6
64.8,0.302172611,-0.0794252163,0.128050953,1.4301171428571426,587.3918571428572,61.97785714285715,1.0,1.4301171428571426,7
64.6,0.300626281,-0.0783281566,0.129377182,1.42498125,584.5295,61.75750000000001,1.0,1.42498125,8
64.4,0.300145865,-0.0782066289,0.127888917,1.4206524999999999,582.787125,61.572500000000005,1.0,1.4206524999999999,8
64.2,0.298431633,-0.0769219338,0.127808711,1.4150816666666666,579.5931666666667,61.33416666666667,1.0,1.4150816666666666,6
64.0,0.29719432,-0.077267944,0.12789888,1.4109500000000001,577.7348,61.157500000000006,1.0,1.4109500000000001,5
63.8,0.294944942,-0.0763838076,0.126999035,1.4062949999999999,575.8183333333333,60.9575,1.0,1.4062949999999999,6
63.6,0.294042838,-0.0761709173,0.127053705,1.402695,573.6405,60.802499999999995,1.0,1.402695,4
63.4,0.293527204,-0.0767960062,0.127349091,1.3973849999999999,571.027125,60.575,1.0,1.3973849999999999,8
63.2,0.292691033,-0.0770102224,0.123963366,1.39225,569.7202857142856,60.35464285714287,1.0,1.39225,7
63.0,0.290651903,-0.0751770694,0.124032578,1.3878783333333333,567.3974999999999,60.1675,1.0,1.3878783333333333,6
62.8,0.289002113,-0.0756309201,0.122965307,1.383058,564.4938000000001,59.9615,1.0,1.383058,5
62.6,0.287705838,-0.0750761093,0.123392108,1.3788525,562.75125,59.7825,1.0,1.3788525,4
62.4,0.28619883,-0.0749206374,0.123449715,1.3737900000000003,559.557,59.56458333333333,1.0,1.3737900000000003,6
62.2,0.28584051,-0.0750078556,0.121232187,1.369205,558.831125,59.36749999999999,1.0,1.369205,8
62.0,0.283799882,-0.0739661091,0.121424755,1.36461875,554.69325,59.1703125,1.0,1.36461875,8
61.8,0.282975989,-0.0736540514,0.121253597,1.359092,553.343,58.9335,1.0,1.359092,5
61.6,0.281825225,-0.0724631388,0.121235093,1.354862,550.5554,58.75350000000001,1.0,1.354862,5
61.4,0.279786516,-0.0731701693,0.119912855,1.3500625,548.59525,58.54750000000001,1.0,1.3500625,8
61.2,0.278729163,-0.0731373895,0.119525051,1.3454412500000001,546.417625,58.349999999999994,1.0,1.3454412500000001,8
61.0,0.277306991,-0.0723373026,0.119043192,1.3413585714285716,543.5862857142857,58.17464285714285,1.0,1.3413585714285716,7
60.8,0.276431888,-0.0727174435,0.118461401,1.33615,541.2633333333333,57.951249999999995,1.0,1.33615,6
60.6,0.275380159,-0.0722199048,0.117248101,1.3317957142857144,538.6084285714286,57.763214285714284,1.0,1.3317957142857144,7
60.4,0.273532136,-0.0707057121,0.116420065,1.3269816666666665,537.198,57.557500000000005,1.0,1.3269816666666665,6
60.2,0.273030775,-0.0715211618,0.116638597,1.3225416666666667,535.4558333333333,57.36750000000001,1.0,1.3225416666666667,6
60.0,0.271038793,-0.0716956671,0.115108808,1.31795,531.6811666666666,57.17083333333333,1.0,1.31795,6
59.8,0.2702687,-0.0711377288,0.1161931,1.3132050000000002,528.777,56.96791666666666,1.0,1.3132050000000002,6
59.6,0.268252325,-0.0705642261,0.115074184,1.308392222222222,527.3253333333333,56.76194444444445,1.0,1.308392222222222,9
59.4,0.267830994,-0.0712808966,0.113786354,1.3042416666666667,525.2925,56.58416666666667,1.0,1.3042416666666667,6
59.2,0.266500761,-0.0696193792,0.114468396,1.299041111111111,522.4855555555555,56.36,1.0,1.299041111111111,9
59.0,0.265419784,-0.0691049964,0.113764695,1.2945085714285713,520.9367142857144,56.166071428571435,1.0,1.2945085714285713,7
58.8,0.264121356,-0.0697085019,0.114113891,1.289885,519.1946666666666,55.96750000000001,1.0,1.289885,6
58.6,0.26251535,-0.0685281513,0.112439723,1.2846342857142858,515.7099999999999,55.74321428571428,1.0,1.2846342857142858,7
58.4,0.260619383,-0.0693431932,0.112518787,1.2802914285714286,513.968,55.557500000000005,1.0,1.2802914285714286,7
58.2,0.259770809,-0.0683047645,0.111704573,1.2757800000000001,511.06411111111106,55.364444444444445,1.0,1.2757800000000001,9
58.0,0.258373508,-0.0684392257,0.109078452,1.270505,508.1601666666667,55.13791666666666,1.0,1.270505,6
57.8,0.257484546,-0.0669566298,0.108853591,1.2665214285714286,506.50100000000003,54.966071428571425,1.0,1.2665214285714286,7
57.6,0.25569584,-0.0670729341,0.110482084,1.26182375,504.60325,54.7653125,1.0,1.26182375,8
57.4,0.254773752,-0.0667084769,0.109134585,1.25716625,502.86099999999993,54.565,1.0,1.25716625,8
57.2,0.253297915,-0.067477927,0.108897561,1.252774,500.3782,54.3775,1.0,1.252774,5
57.0,0.25199844,-0.0668964722,0.107480454,1.2485666666666668,497.41616666666664,54.1975,1.0,1.2485666666666668,6
56.8,0.249975655,-0.0665073967,0.108030024,1.2432512500000001,495.45625,53.97,1.0,1.2432512500000001,8
56.6,0.248912257,-0.0661409529,0.107075789,1.2386966666666668,493.9316666666667,53.77458333333333,1.0,1.2386966666666668,6
56.4,0.24764173,-0.064935763,0.106971706,1.2336466666666666,490.54422222222223,53.55777777777777,1.0,1.2336466666666666,9
56.2,0.246024264,-0.0647186848,0.106491511,1.2291128571428571,488.0828571428571,53.363214285714285,1.0,1.2291128571428571,7
56.0,0.245808232,-0.0649183006,0.10448888,1.2244744444444446,484.9301111111111,53.16416666666666,1.0,1.2244744444444446,9
55.8,0.243877996,-0.0649879153,0.105045384,1.2194033333333334,482.60699999999997,52.9475,1.0,1.2194033333333334,6
55.6,0.243647689,-0.0647079592,0.10503749,1.2149725,479.99387500000006,52.75749999999999,1.0,1.2149725,8
55.4,0.241688959,-0.0633086781,0.103214434,1.210848,478.0772,52.581500000000005,1.0,1.210848,5
55.2,0.24010506,-0.0630804873,0.104554311,1.2052433333333334,475.3476666666666,52.34125,1.0,1.2052433333333334,6
55.0,0.239046009,-0.0622098437,0.103560808,1.20015,471.80520000000007,52.122,1.0,1.20015,5
54.8,0.238080046,-0.0614201682,0.102023569,1.1970375,470.847,51.988125,1.0,1.1970375,4
54.6,0.23607592,-0.0620200075,0.101222914,1.1921785714285715,467.92228571428575,51.780357142857156,1.0,1.1921785714285715,7
54.4,0.234562704,-0.0625056078,0.101142344,1.1873157142857145,465.68214285714294,51.571785714285724,1.0,1.1873157142857145,7
54.2,0.233214668,-0.0618436413,0.100050184,1.1823979999999998,463.0936,51.3615,1.0,1.1823979999999998,5
54.0,0.232624617,-0.061166929,0.098884453,1.17803375,461.046625,51.175,1.0,1.17803375,8
53.8,0.231690725,-0.0598990595,0.0992124178,1.1728928571428572,457.4685714285714,50.95464285714286,1.0,1.1728928571428572,7
53.6,0.229653477,-0.0601960737,0.0999202064,1.1682474999999999,454.94875,50.7553125,1.0,1.1682474999999999,8
53.4,0.228423101,-0.0591949395,0.0995623974,1.1637183333333334,452.4080000000001,50.560833333333335,1.0,1.1637183333333334,6
53.2,0.227418642,-0.058876952,0.0971445894,1.1594571428571427,450.7484285714286,50.37785714285714,1.0,1.1594571428571427,7
53.0,0.226815863,-0.0588443566,0.0973855563,1.1538719999999998,448.1104,50.138,1.0,1.1538719999999998,5
52.8,0.224638597,-0.0587276763,0.0963516191,1.1506483333333333,446.6003333333333,50.00083333333333,1.0,1.1506483333333333,6
52.6,0.223370573,-0.057696229,0.0972659218,1.14525,442.535,49.7695,1.0,1.14525,5
52.4,0.221293475,-0.0581562992,0.094377989,1.140934,442.1866,49.5855,1.0,1.140934,5
52.2,0.220887415,-0.0566060469,0.0948885518,1.1360133333333333,439.0506666666667,49.37416666666667,1.0,1.1360133333333333,6
52.0,0.218558234,-0.0562353989,0.0951444642,1.1306019999999999,436.61139999999995,49.14149999999999,1.0,1.1306019999999999,5
51.8,0.217965465,-0.0582328417,0.0944858207,1.1263733333333334,433.43655555555557,48.95972222222222,1.0,1.1263733333333334,9
51.6,0.21639763,-0.0576140838,0.0927486666,1.1216571428571431,430.8368571428572,48.757857142857134,1.0,1.1216571428571431,7
51.4,0.21601054,-0.0559309742,0.0926977393,1.1162750000000001,428.8873333333333,48.5275,1.0,1.1162750000000001,6
51.2,0.214960407,-0.056779234,0.0905071497,1.1125975000000001,425.9835,48.3703125,1.0,1.1125975000000001,8
51.0,0.213681497,-0.0556745781,0.0914345252,1.1084883333333333,424.82200000000006,48.194583333333334,1.0,1.1084883333333333,6
50.8,0.212231818,-0.0544981578,0.0914254565,1.1038257142857144,421.6278571428571,47.994642857142864,1.0,1.1038257142857144,7
50.6,0.210399328,-0.0544242128,0.0911211017,1.0986766666666667,419.30488888888885,47.77333333333334,1.0,1.0986766666666667,9
50.4,0.209312117,-0.0545175015,0.0904491468,1.0942159999999999,417.4464,47.58149999999999,1.0,1.0942159999999999,5
50.2,0.208183966,-0.0539798859,0.0906533246,1.088422,414.6588,47.3335,1.0,1.088422,5
50.0,0.206427454,-0.0533939906,0.0883647137,1.0844960000000001,412.2198,47.165499999999994,1.0,1.0844960000000001,5
49.8,0.205282881,-0.0532146196,0.0888344466,1.079641111111111,410.0126666666667,46.9575,1.0,1.079641111111111,9
49.6,0.205101163,-0.0542411528,0.0883061854,1.0753383333333333,407.39933333333335,46.77416666666667,1.0,1.0753383333333333,6
49.4,0.203140482,-0.0526201173,0.0873613795,1.0705566666666668,405.9474444444445,46.56888888888889,1.0,1.0705566666666668,9
49.2,0.201944765,-0.0527828556,0.085242134,1.0659366666666668,401.8821666666666,46.37083333333334,1.0,1.0659366666666668,6
49.0,0.201091405,-0.0520847443,0.0849334509,1.0617533333333335,400.14000000000004,46.19083333333333,1.0,1.0617533333333335,3
48.8,0.200370454,-0.0521323698,0.0863467096,1.05678,397.2361428571429,45.977500000000006,1.0,1.05678,7
48.6,0.199011567,-0.0518106695,0.085898359,1.0519387500000001,395.49375000000003,45.769999999999996,1.0,1.0519387500000001,8
48.4,0.197456803,-0.0524810196,0.0853901953,1.0475216666666665,392.2996666666667,45.58083333333334,1.0,1.0475216666666665,6
48.2,0.196065179,-0.0512924637,0.0862572399,1.042422857142857,390.5158571428572,45.363214285714285,1.0,1.042422857142857,7
48.0,0.194385893,-0.0511740937,0.0841235086,1.03756,388.27599999999995,45.15464285714285,1.0,1.03756,7
47.8,0.193375958,-0.0507975905,0.0825316902,1.0332333333333334,385.234,44.968888888888884,1.0,1.0332333333333334,9
47.6,0.192454585,-0.0502849309,0.0835259001,1.02862,383.51575,44.770312499999996,1.0,1.02862,8
47.4,0.190010987,-0.0500417262,0.0818945382,1.0239533333333333,380.58799999999997,44.57083333333333,1.0,1.0239533333333333,9
47.2,0.189962706,-0.0484889849,0.0816585749,1.0193,377.2971111111111,44.37083333333333,1.0,1.0193,9
47.0,0.188188188,-0.0482333907,0.0797253722,1.0145699999999997,375.58214285714286,44.16892857142857,1.0,1.0145699999999997,7
46.8,0.186245998,-0.0479255112,0.0800259842,1.010051111111111,372.45733333333334,43.975277777777784,1.0,1.010051111111111,9
46.6,0.184930146,-0.0489006305,0.0794960824,1.0055912500000002,370.231125,43.785000000000004,1.0,1.0055912500000002,8
46.4,0.184137062,-0.0474932413,0.0800552846,1.0008736249999999,367.18199999999996,43.582499999999996,1.0,1.0008736249999999,8
46.2,0.182724022,-0.0475974652,0.0796541184,0.9956628000000001,366.5722,43.358,1.0,0.9956628000000001,5
46.0,0.182514299,-0.0470549161,0.0777098308,0.9902758333333334,362.68133333333327,43.127500000000005,1.0,0.9902758333333334,6
45.8,0.179754692,-0.0476651133,0.0758553085,0.9865009999999999,359.99525000000006,42.965312499999996,1.0,0.9865009999999999,8
45.6,0.178069383,-0.0471297822,0.0778827499,0.9817953333333334,358.0351666666667,42.76416666666666,1.0,0.9817953333333334,6
45.4,0.177197824,-0.0463924981,0.0762556905,0.9769587777777777,355.4216666666667,42.557500000000005,1.0,0.9769587777777777,9
45.2,0.176372451,-0.0471549287,0.0770367542,0.9719735000000002,351.93733333333336,42.34416666666666,1.0,0.9719735000000002,6
45.0,0.174960517,-0.0456842754,0.0752203203,0.9677339999999999,350.77600000000007,42.161944444444444,1.0,0.9677339999999999,9
44.8,0.174141173,-0.0459234994,0.0746601504,0.9633278750000001,347.7995,41.9725,1.0,0.9633278750000001,8
44.6,0.173025509,-0.04498432,0.0751741707,0.9583244285714285,343.97271428571423,41.75785714285714,1.0,0.9583244285714285,7
44.4,0.170097217,-0.0448177682,0.0743143896,0.9533766,343.226,41.546,1.0,0.9533766,5
44.2,0.170715345,-0.0439788276,0.0736282627,0.9488645000000001,339.741375,41.352500000000006,1.0,0.9488645000000001,8
44.0,0.169138655,-0.0443662533,0.0732507164,0.9447234999999999,339.08799999999997,41.175312500000004,1.0,0.9447234999999999,8
43.8,0.167953403,-0.0445295447,0.071764708,0.9399228749999999,334.95025,40.9703125,1.0,0.9399228749999999,8
43.6,0.167229628,-0.043556224,0.0729650181,0.9358971666666666,333.3531666666666,40.7975,1.0,0.9358971666666666,6
43.4,0.164885751,-0.0433722853,0.0704085125,0.9305784285714286,330.03457142857144,40.56892857142857,1.0,0.9305784285714286,7
43.2,0.162950609,-0.0433420536,0.0711009531,0.9262393749999999,328.63462499999997,40.38249999999999,1.0,0.9262393749999999,8
43.0,0.162295472,-0.0420738876,0.0698475673,0.9214495,326.384,40.1775,1.0,0.9214495,6
42.8,0.160600452,-0.0425442762,0.0688922525,0.9157190000000001,322.31899999999996,39.9325,1.0,0.9157190000000001,4
42.6,0.160090676,-0.041620603,0.0704451009,0.9121704285714286,321.3232857142857,39.78035714285714,1.0,0.9121704285714286,7
42.4,0.158236478,-0.0416330846,0.0685083909,0.9070125555555555,317.6727777777778,39.56,1.0,0.9070125555555555,9
42.2,0.15824911,-0.0405731096,0.0683617508,0.9023545714285713,315.5988571428571,39.36035714285714,1.0,0.9023545714285713,7
42.0,0.155683876,-0.0413955025,0.0659970356,0.8979469999999999,313.6076666666667,39.170833333333334,1.0,0.8979469999999999,3
41.8,0.15562206,-0.0406729658,0.0676803089,0.8940681666666667,311.28450000000004,39.00416666666667,1.0,0.8940681666666667,6
41.6,0.153590276,-0.0393237651,0.0657792193,0.8886092500000001,308.380625,38.77,1.0,0.8886092500000001,8
41.4,0.152930697,-0.0384976541,0.0661099465,0.8839276,306.6384,38.5695,1.0,0.8839276,5
41.2,0.151343222,-0.0400644655,0.0666552771,0.8791645714285715,303.65171428571426,38.36607142857143,1.0,0.8791645714285715,7
41.0,0.149672567,-0.0393899417,0.0653953546,0.8747134444444443,300.44388888888886,38.17527777777778,1.0,0.8747134444444443,9
40.8,0.148468404,-0.0388153074,0.0627990573,0.8698562500000001,298.362625,37.9675,1.0,0.8698562500000001,8
40.6,0.147640735,-0.0388169088,0.0642715212,0.8651969999999999,296.7656666666667,37.7675,1.0,0.8651969999999999,6
40.4,0.146628781,-0.038638003,0.0642316876,0.8598552000000002,293.3972,37.5375,1.0,0.8598552000000002,5
40.2,0.145982665,-0.0383682114,0.0621565524,0.8556972222222221,291.7323333333334,37.35972222222223,1.0,0.8556972222222221,9
40.0,0.144008326,-0.0374061169,0.0615997466,0.8514664,288.8674,37.178000000000004,1.0,0.8514664,5
39.8,0.142542416,-0.0372085284,0.0619430024,0.846045142857143,286.97585714285714,36.94607142857143,1.0,0.846045142857143,7
39.6,0.141708826,-0.0371489927,0.0613728694,0.8414587499999999,284.642375,36.75,1.0,0.8414587499999999,8
39.4,0.140146248,-0.0362120478,0.0625263436,0.8372234285714283,282.74442857142856,36.56892857142857,1.0,0.8372234285714283,7
39.2,0.138923743,-0.0360299344,0.0607688783,0.832353,280.504375,36.36,1.0,0.832353,8
39.0,0.137477351,-0.0360942118,0.0600922075,0.8280270000000001,278.47183333333334,36.174166666666665,1.0,0.8280270000000001,6
38.8,0.136764744,-0.0349074975,0.0606094763,0.8231575,276.58437499999997,35.965,1.0,0.8231575,8
38.6,0.135036217,-0.0351381409,0.0590398895,0.8180550000000001,273.53542857142855,35.746071428571426,1.0,0.8180550000000001,7
38.4,0.13415681,-0.0358285255,0.0585096162,0.8138434444444443,271.406,35.566388888888895,1.0,0.8138434444444443,9
38.2,0.133956884,-0.0339955146,0.0573124848,0.8093576666666666,270.6316666666667,35.37416666666667,1.0,0.8093576666666666,6
38.0,0.131574258,-0.0341876074,0.0566811499,0.804852,266.9148,35.18150000000001,1.0,0.804852,5
37.8,0.131092929,-0.0338366292,0.0553809727,0.7999386666666668,265.21133333333336,34.97083333333333,1.0,0.7999386666666668,9
37.6,0.130429651,-0.0344005063,0.0548318595,0.7956142499999999,262.64625,34.785,1.0,0.7956142499999999,8
37.4,0.12927579,-0.0334974655,0.0549429338,0.7908571428571429,261.33957142857145,34.580357142857146,1.0,0.7908571428571429,7
37.2,0.127828812,-0.0333818499,0.0555100491,0.7858843333333333,257.855,34.3675,1.0,0.7858843333333333,6
37.0,0.127205653,-0.0329981035,0.0550081164,0.7815152857142857,256.61057142857146,34.18035714285714,1.0,0.7815152857142857,7
36.8,0.125634387,-0.0324769348,0.0541845895,0.7765413333333333,254.3706666666667,33.96791666666667,1.0,0.7765413333333333,6
36.6,0.124399045,-0.0313776827,0.0549551572,0.7718232857142857,253.87285714285713,33.76642857142857,1.0,0.7718232857142857,7
36.4,0.123395983,-0.0332899245,0.0532653336,0.76690125,251.10375,33.555,1.0,0.76690125,8
36.2,0.122471357,-0.0320136704,0.0531248882,0.7618476,248.79519999999997,33.337500000000006,1.0,0.7618476,5
36.0,0.121142415,-0.0323202723,0.052156273,0.7577632222222223,247.78855555555552,33.162222222222226,1.0,0.7577632222222223,9
35.8,0.120382677,-0.0314686904,0.0512924936,0.7531327777777777,244.8848888888889,32.96416666666667,1.0,0.7531327777777777,9
35.6,0.11921816,-0.0313522921,0.0505513603,0.7485197142857142,242.1747142857143,32.766071428571436,1.0,0.7485197142857142,7
35.4,0.118471865,-0.0312054268,0.0519472725,0.7433058571428569,239.43685714285715,32.543214285714285,1.0,0.7433058571428569,7
35.2,0.117244901,-0.0303909885,0.0520762456,0.7391674285714286,237.19685714285717,32.36642857142858,1.0,0.7391674285714286,7
35.0,0.116280222,-0.0302287848,0.050444568,0.7346873333333334,235.49599999999998,32.17458333333334,1.0,0.7346873333333334,6
34.8,0.115012331,-0.0300218736,0.0499726152,0.729738375,233.2455,31.9625,1.0,0.729738375,8
34.6,0.113931034,-0.0290191578,0.0501468058,0.725128,230.4767142857143,31.763571428571428,1.0,0.725128,7
34.4,0.113227844,-0.0291222156,0.0484290459,0.720434625,227.14775,31.562499999999996,1.0,0.720434625,8
34.2,0.112131646,-0.0290261408,0.0478605238,0.7157610000000001,224.31650000000002,31.3625,1.0,0.7157610000000001,8
34.0,0.110226438,-0.0285993135,0.0471069898,0.711564,223.2275,31.1825,1.0,0.711564,8
33.8,0.109716848,-0.0290604476,0.0492709691,0.706485125,220.17862499999998,30.965312500000003,1.0,0.706485125,8
33.6,0.107891158,-0.027966098,0.0486542206,0.70198,218.36377777777778,30.77333333333333,1.0,0.70198,9
33.4,0.107719428,-0.0276591719,0.0465539842,0.6972935714285714,217.28528571428572,30.57178571428571,1.0,0.6972935714285714,7
33.2,0.106335977,-0.027122937,0.0470551402,0.6931761428571429,215.79171428571428,30.394642857142856,1.0,0.6931761428571429,7
33.0,0.104938241,-0.0276239076,0.0455243701,0.687651,212.80485714285717,30.157499999999995,1.0,0.687651,7
32.8,0.103862298,-0.0271736304,0.0454543407,0.6830615,210.23316666666668,29.96083333333333,1.0,0.6830615,6
32.6,0.102411408,-0.0260936695,0.0446315538,0.6785071428571429,209.07171428571428,29.76607142857143,1.0,0.6785071428571429,7
32.4,0.101875374,-0.0256901906,0.0451953444,0.6739654285714286,206.33385714285714,29.57178571428571,1.0,0.6739654285714286,7
32.2,0.101323159,-0.0265690195,0.0435711781,0.6686381666666668,205.00633333333334,29.344166666666666,1.0,0.6686381666666668,6
32.0,0.100628523,-0.0254503926,0.0431916991,0.6647095555555554,202.8771111111111,29.175277777777776,1.0,0.6647095555555554,9
31.8,0.0990909538,-0.0256402657,0.0423038593,0.6598636250000001,200.79587500000002,28.9675,1.0,0.6598636250000001,8
31.6,0.0986187922,-0.0257038236,0.0423247655,0.6553473333333334,199.00544444444444,28.773055555555555,1.0,0.6553473333333334,9
31.4,0.0967968569,-0.0241347006,0.0414864255,0.6502515714285714,196.12928571428571,28.55464285714286,1.0,0.6502515714285714,7
31.2,0.096488637,-0.0242946778,0.0413545091,0.64593575,194.48025,28.369999999999997,1.0,0.64593575,8
31.0,0.0949656961,-0.0243428768,0.041432902,0.6412076666666667,192.5203333333333,28.167916666666667,1.0,0.6412076666666667,6
30.8,0.0935659557,-0.0239737724,0.0395798856,0.6362966666666666,190.77800000000002,27.9575,1.0,0.6362966666666666,6
30.6,0.0926448789,-0.0232987773,0.0422845827,0.6314228571428571,188.91157142857142,27.74892857142857,1.0,0.6314228571428571,7
30.4,0.0920411596,-0.0236327887,0.039506695,0.627151875,186.64000000000001,27.5653125,1.0,0.627151875,8
30.2,0.0908727981,-0.0229531071,0.0384139231,0.6225902857142857,185.1777142857143,27.368928571428572,1.0,0.6225902857142857,7
30.0,0.0905823644,-0.0226492513,0.0401734016,0.6177868571428571,182.68885714285716,27.163214285714282,1.0,0.6177868571428571,7
29.8,0.0894389353,-0.0230247025,0.0385644786,0.6137288,180.84679999999997,26.9895,1.0,0.6137288,5
29.6,0.088756059,-0.0232603695,0.0360383802,0.608367,179.45314285714286,26.760357142857146,1.0,0.608367,7
29.4,0.0874765672,-0.0228736323,0.0378025716,0.6035207499999999,176.40425,26.552812499999998,1.0,0.6035207499999999,8
29.2,0.086474772,-0.0216016723,0.0376517932,0.5988235714285715,174.72414285714285,26.351785714285715,1.0,0.5988235714285715,7
29.0,0.0850442929,-0.0222159567,0.0371145798,0.5950396,172.1358,26.1895,1.0,0.5950396,5
28.8,0.0839735488,-0.0216603375,0.0367898184,0.5895574,171.0904,25.953500000000002,1.0,0.5895574,5
28.6,0.0832450303,-0.0218182107,0.0366267797,0.5856545714285714,169.99514285714284,25.78607142857143,1.0,0.5856545714285714,7
28.4,0.0823804573,-0.0204050199,0.0356953104,0.5808472857142857,167.2572857142857,25.580357142857142,1.0,0.5808472857142857,7
28.2,0.0819278499,-0.0216112513,0.0350708356,0.575647,165.1666,25.357499999999998,1.0,0.575647,5
28.0,0.0812465789,-0.0205362943,0.0339854715,0.5711855555555555,163.1921111111111,25.166666666666668,1.0,0.5711855555555555,9
27.8,0.0799142583,-0.0212197898,0.0331891964,0.5664950000000001,160.869,24.966666666666665,1.0,0.5664950000000001,9
27.6,0.0786019888,-0.0203345899,0.0339942647,0.561749375,158.98162499999998,24.762812500000003,1.0,0.561749375,8
27.4,0.0780095686,-0.0205636887,0.0342639377,0.5574441250000001,157.457125,24.577499999999997,1.0,0.5574441250000001,8
27.2,0.0763014906,-0.0203197167,0.0332680779,0.55243,155.279125,24.3625,1.0,0.55243,8
27.0,0.0756368258,-0.0204849393,0.0324888903,0.5479711666666667,152.73816666666667,24.170833333333334,1.0,0.5479711666666667,6
26.8,0.0747134587,-0.0193635118,0.0319379506,0.5431317777777779,151.577,23.964166666666667,1.0,0.5431317777777779,9
26.6,0.0739734456,-0.0192938445,0.0363388592,0.5382341428571429,149.83457142857145,23.75464285714286,1.0,0.5382341428571429,7
26.4,0.0725985444,-0.0193643194,0.0328939584,0.533686125,147.22125000000003,23.5603125,1.0,0.533686125,8
26.2,0.0707487067,-0.0177677701,0.0298596039,0.5292217777777778,145.57577777777777,23.368611111111115,1.0,0.5292217777777778,9
26.0,0.0702901769,-0.0173499576,0.030413591,0.5249024285714285,144.1102857142857,23.18321428571429,1.0,0.5249024285714285,7
25.8,0.0688022418,-0.0181924342,0.0304096528,0.5196529999999999,142.119,22.957500000000003,1.0,0.5196529999999999,7
25.6,0.0684349348,-0.0180029881,0.0318105124,0.515518,139.09066666666664,22.780833333333334,1.0,0.515518,6
25.4,0.0672072313,-0.017016986,0.0295122474,0.5110504285714286,137.39,22.58928571428571,1.0,0.5110504285714286,7
25.2,0.0669036727,-0.0180399972,0.0286258,0.5060484444444444,135.316,22.37527777777778,1.0,0.5060484444444444,9
25.0,0.064978806,-0.0169632294,0.0282824361,0.5014167500000001,132.412,22.1775,1.0,0.5014167500000001,4
24.8,0.0641882586,-0.017458972,0.0289722972,0.49644383333333336,132.99283333333332,21.964166666666667,1.0,0.49644383333333336,6
24.6,0.0638335084,-0.0159686691,0.0266164183,0.4914753333333333,129.218,21.750833333333333,1.0,0.4914753333333333,6
24.4,0.0617349741,-0.0163705395,0.0291228119,0.486991,126.79811111111111,21.5575,1.0,0.486991,9
24.2,0.0615073343,-0.0158972533,0.0280326467,0.48209099999999994,125.44299999999998,21.3475,1.0,0.48209099999999994,4
24.0,0.0606995068,-0.0157756364,0.0248987026,0.4777552222222222,124.08777777777777,21.161944444444444,1.0,0.4777552222222222,9
23.8,0.0595761485,-0.0151519384,0.0267969284,0.47285837499999994,121.74062500000001,20.9525,1.0,0.47285837499999994,8
23.6,0.0592831747,-0.0153153758,0.0261195823,0.46812275,120.21612500000002,20.7503125,1.0,0.46812275,8
23.4,0.0583201562,-0.0138301603,0.0268485039,0.4637505714285714,118.47400000000002,20.563214285714285,1.0,0.4637505714285714,7
23.2,0.0571465433,-0.0141531799,0.0242730306,0.4590284285714285,115.98485714285714,20.360714285714288,1.0,0.4590284285714285,7
23.0,0.0552980274,-0.0146129079,0.02502961,0.45326325,113.6825,20.1125,1.0,0.45326325,4
22.8,0.0549150261,-0.0145061771,0.0239600246,0.4506615,112.08566666666667,20.000833333333336,1.0,0.4506615,6
22.6,0.0537603813,-0.0138011609,0.0250097789,0.4451871428571429,110.50942857142857,19.76607142857143,1.0,0.4451871428571429,7
22.4,0.0530919495,-0.0130358717,0.0235935908,0.4405426250000001,108.23812500000001,19.5675,1.0,0.4405426250000001,8
22.2,0.0520671859,-0.013914711,0.0233164593,0.435442,106.975,19.3495,1.0,0.435442,5
22.0,0.0519760064,-0.0131401326,0.022954172,0.4316534999999999,104.53583333333334,19.1875,1.0,0.4316534999999999,6
21.8,0.0511546835,-0.0124701154,0.0226366481,0.426367,103.084,18.96083333333333,1.0,0.426367,6
21.6,0.0497139884,-0.0130247782,0.0216698772,0.4213814285714285,100.8025142857143,18.746071428571433,1.0,0.4213814285714285,7
21.4,0.048676346,-0.0124697267,0.0208415629,0.4173241428571428,99.8068,18.571785714285713,1.0,0.4173241428571428,7
21.2,0.0473032146,-0.0125676177,0.0223356884,0.4118655,98.43781666666666,18.33791666666667,1.0,0.4118655,6
21.0,0.0459747858,-0.0126704952,0.0209099863,0.40757366666666667,94.66303333333333,18.154166666666665,1.0,0.40757366666666667,6
20.8,0.045580256,-0.0122400797,0.021196869,0.402974375,94.08227500000002,17.9578125,1.0,0.402974375,8
20.6,0.0456570497,-0.0114568495,0.0206261662,0.3984411666666667,92.63038333333333,17.764166666666664,1.0,0.3984411666666667,6
20.4,0.0439586828,-0.0110298007,0.0215272002,0.39398966666666674,90.59772222222223,17.573055555555555,1.0,0.39398966666666674,9
20.2,0.0430968779,-0.0107493873,0.0197462514,0.38873916666666664,88.56510000000002,17.3475,1.0,0.38873916666666664,6
20.0,0.0431872087,-0.0109722105,0.0200287856,0.384731875,87.33097500000001,17.175,1.0,0.384731875,8
19.8,0.0414415785,-0.0114281609,0.0179074618,0.37979414285714286,85.12204285714286,16.963571428571427,1.0,0.37979414285714286,7
19.6,0.0415629993,-0.0105326552,0.0196383102,0.374711,82.6330857142857,16.74607142857143,1.0,0.374711,7
19.4,0.0402122131,-0.0109722249,0.0190678452,0.3702222,80.4926,16.554000000000002,1.0,0.3702222,5
19.2,0.039505597,-0.00984778945,0.0171669441,0.36595971428571433,79.64634285714286,16.372142857142858,1.0,0.36595971428571433,7
19.0,0.0379914774,-0.0109437283,0.0174452582,0.3611562857142857,78.40188571428571,16.166071428571428,1.0,0.3611562857142857,7
18.8,0.0376386178,-0.0094458451,0.0179649483,0.35643037499999997,75.7885,15.963125,1.0,0.35643037499999997,8
18.6,0.0372271532,-0.00953563963,0.0152966858,0.3519238571428572,75.41515714285715,15.768928571428573,1.0,0.3519238571428572,7
18.4,0.0357205469,-0.0088280437,0.0156531903,0.34698660000000003,71.7813,15.5575,1.0,0.34698660000000003,5
18.2,0.0353842057,-0.00900413735,0.0175836922,0.3426458571428571,71.18394285714285,15.371785714285716,1.0,0.3426458571428571,7
18.0,0.0344514185,-0.00901190691,0.0149021114,0.3377715714285715,70.43724285714286,15.163214285714286,1.0,0.3377715714285715,7
17.8,0.0328851281,-0.00873421558,0.016192594,0.33290762499999993,67.7305125,14.955312500000002,1.0,0.33290762499999993,8
17.6,0.0323663207,-0.00887559394,0.0153866352,0.3284897142857143,66.70382857142857,14.766071428571427,1.0,0.3284897142857143,7
17.4,0.0324962914,-0.00867606745,0.0154017145,0.3236875,65.3349,14.559999999999999,1.0,0.3236875,8
17.2,0.0308389441,-0.00811345957,0.0145076193,0.31944600000000006,64.46376666666667,14.3775,1.0,0.31944600000000006,6
17.0,0.0311086812,-0.00789103113,0.013090857,0.31525339999999996,62.72152,14.1975,1.0,0.31525339999999996,5
16.8,0.029130035,-0.00829656144,0.0142446388,0.3103062,60.979240000000004,13.985500000000002,1.0,0.3103062,5
16.6,0.0293698755,-0.00831809636,0.014165753,0.30555025,59.236962500000004,13.7825,1.0,0.30555025,8
16.4,0.0288620408,-0.00740559826,0.0123126878,0.300641,57.99250000000001,13.571785714285713,1.0,0.300641,7
16.2,0.0279271368,-0.00676234644,0.0133803041,0.29561814285714283,56.49911428571429,13.3575,1.0,0.29561814285714283,7
16.0,0.0278858401,-0.00747631664,0.0125298737,0.29095725,54.010175,13.157499999999999,1.0,0.29095725,4
15.8,0.0263888716,-0.00699030227,0.0110962975,0.2865495,53.13905,12.9678125,1.0,0.2865495,8
15.6,0.0266282997,-0.00775542665,0.0120347676,0.28199957142857146,52.01904285714286,12.772142857142857,1.0,0.28199957142857146,7
15.4,0.0250105526,-0.00710059051,0.0116413872,0.277224125,49.2189625,12.567499999999999,1.0,0.277224125,8
15.2,0.0247692698,-0.00627210228,0.0114418472,0.272370875,47.258925000000005,12.36,1.0,0.272370875,8
15.0,0.0245635313,-0.00649383334,0.0101799344,0.267811875,45.9522125,12.165000000000001,1.0,0.267811875,8
14.8,0.0232134468,-0.00631950942,0.0117913308,0.26256250000000003,44.137350000000005,11.940833333333336,1.0,0.26256250000000003,6
14.6,0.0230460127,-0.0054681797,0.0110090352,0.258179875,44.2099625,11.752500000000001,1.0,0.258179875,8
14.4,0.0217592483,-0.00626436817,0.0112680549,0.25344,44.0544,11.548928571428572,1.0,0.25344,7
14.2,0.0217150473,-0.00547302401,0.010810385,0.24860983333333334,42.68546666666666,11.34125,1.0,0.24860983333333334,6
14.0,0.019983526,-0.00567034527,0.0112865076,0.24471416666666668,41.523950000000006,11.174166666666666,1.0,0.24471416666666668,6
13.8,0.0194492819,-0.0048437222,0.00900954764,0.23980333333333337,40.072066666666665,10.964166666666666,1.0,0.23980333333333337,6
13.6,0.0198738198,-0.0062077345,0.00909106627,0.23517014285714286,39.32538571428572,10.766071428571427,1.0,0.23517014285714286,7
13.4,0.0190857822,-0.00450491962,0.00802034987,0.23058099999999998,38.765375,10.57,1.0,0.23058099999999998,8
13.2,0.0184294695,-0.00458525676,0.00817275534,0.22671333333333335,37.458666666666666,10.404166666666667,1.0,0.22671333333333335,6
13.0,0.0178968734,-0.00471284356,0.00743684308,0.2214348888888889,36.9747,10.1775,1.0,0.2214348888888889,9
12.8,0.0174524179,-0.0050738881,0.0079253098,0.21717971428571428,35.84087142857143,9.994642857142859,1.0,0.21717971428571428,7
12.6,0.0172417158,-0.00422583647,0.00902264735,0.21164757142857143,35.59195714285715,9.757500000000002,1.0,0.21164757142857143,7
12.4,0.0171046298,-0.00492379909,0.0071548134,0.20738333333333334,34.5549,9.574166666666667,1.0,0.20738333333333334,6
12.2,0.0167654849,-0.00420905436,0.00881117407,0.20209075,32.667475,9.3478125,1.0,0.20209075,8
12.0,0.016054816,-0.0034203587,0.00773403661,0.1977674285714286,31.858557142857148,9.163571428571428,1.0,0.1977674285714286,7
11.8,0.0150117557,-0.00352490159,0.00768033372,0.19325125,30.054075000000005,8.9703125,1.0,0.19325125,8
11.6,0.0152480283,-0.00349504262,0.00657680111,0.18821849999999998,28.747366666666668,8.754166666666666,1.0,0.18821849999999998,6
11.4,0.0153130278,-0.00353376028,0.00815084133,0.1838384,28.22468,8.5655,1.0,0.1838384,5
11.2,0.014038653,-0.00289331557,0.00658033454,0.17878985714285714,26.880642857142863,8.349285714285715,1.0,0.17878985714285714,7
11.0,0.0133131575,-0.00262895441,0.00677600506,0.17478585714285713,24.889499999999998,8.1775,1.0,0.17478585714285713,7
10.8,0.0127152568,-0.00321370738,0.00700868925,0.169867875,24.1739125,7.967499999999999,1.0,0.169867875,8
10.6,0.0129232442,-0.00342235537,0.00651471579,0.16487159999999998,22.997880000000002,7.7535,1.0,0.16487159999999998,5
10.4,0.0122566349,-0.00289628481,0.00557362385,0.1609695,23.2302,7.587500000000001,1.0,0.1609695,6
10.2,0.0109238526,-0.00301758494,0.00700152241,0.15551262500000002,21.5605125,7.352500000000001,1.0,0.15551262500000002,8
10.0,0.0107243015,-0.00320494538,0.00378351529,0.15105683333333333,22.649433333333334,7.160833333333334,1.0,0.15105683333333333,6
9.8,0.00976981272,-0.0029835754,0.00529531423,0.146558625,20.036025,6.9678125,1.0,0.146558625,8
9.6,0.00958066001,-0.00178979925,0.00491694687,0.1413837142857143,18.915985714285714,6.746071428571429,1.0,0.1413837142857143,7
9.4,0.0109961152,-0.00372737815,0.00578054537,0.13650571428571429,18.169328571428572,6.5375000000000005,1.0,0.13650571428571429,7
9.2,0.00984434469,-0.00189485396,0.00472029656,0.1325652857142857,17.671528571428574,6.368928571428573,1.0,0.1325652857142857,7
9.0,0.00929807628,-0.00235705198,0.00353327458,0.12801285714285715,16.924828571428574,6.174642857142857,1.0,0.12801285714285715,7
8.8,0.00829741314,-0.00215560449,0.00382380147,0.122735875,15.680362500000003,5.9475,1.0,0.122735875,8
8.6,0.0087194018,-0.00199723629,0.00417530516,0.11859137499999998,14.809237500000002,5.77,1.0,0.11859137499999998,8
8.4,0.00789959577,-0.00228727074,0.00496025256,0.11366585714285715,14.187000000000001,5.557857142857143,1.0,0.11366585714285715,7
8.2,0.00773377765,-0.00188159009,0.00506369496,0.10903788888888889,12.195833333333333,5.359722222222222,1.0,0.10903788888888889,9
8.0,0.00764636143,-0.00209742142,0.00351766699,0.10446533333333334,12.195833333333333,5.164166666666667,1.0,0.10446533333333334,3
7.8,0.00616794704,-0.00164162763,0.00273284562,0.1000610375,9.8002275,4.975312499999999,1.0,0.1000610375,8
7.6,0.00562443188,-0.00238295969,0.00313678559,0.09536764285714285,6.471268571428572,4.7749999999999995,1.0,0.09536764285714285,7
7.4,0.00578451007,-0.00183665569,0.00306809716,0.09099562500000001,4.57344375,4.5874999999999995,1.0,0.09099562500000001,8
7.2,0.00559322609,-0.00135567991,0.00275888013,0.08556476666666667,2.6133949999999997,4.354166666666667,1.0,0.08556476666666667,6
7.0,0.0040669025,-0.00135906164,0.00260810302,0.08163603999999999,3.136074,4.1855,1.0,0.08163603999999999,5
6.8,0.00303506025,-0.00129066748,0.00190068005,0.07688698,1.742264,3.982,1.0,0.07688698,5
6.6,0.00282709067,-0.00128368361,0.00185516487,0.071772,2.6133975,3.7628125,1.0,0.071772,8
6.4,0.00139735818,0.000268122557,0.00284819671,0.0670396375,3.2667450000000002,3.5603124999999998,1.0,0.0670396375,8
6.2,0.00131635199,-0.000782482667,0.00108971271,0.062167071428571426,1.9911571428571426,3.3521428571428573,1.0,0.062167071428571426,7
6.0,0.000646777219,-0.000134815444,0.00031914589,0.05808245000000001,3.0489612499999996,3.1774999999999998,1.0,0.05808245000000001,8
5.8,0.00104943987,0.00045197585,0.00172921764,0.053427425,2.1778287499999998,2.9775000000000005,1.0,0.053427425,8
5.6,0.00091330101,-0.000442771743,0.00207668129,0.0485588625,2.6133949999999997,2.7678125,1.0,0.0485588625,8
5.4,0.000771133966,-0.000730047652,0.000575414109,0.0437707375,2.3956124999999995,2.5624999999999996,1.0,0.0437707375,8
5.2,0.000868829812,-0.000708206633,0.00111478445,0.03921354,2.787621,2.3674999999999997,1.0,0.03921354,10
5.0,0.000589072056,1.94921802e-05,0.00153672331,0.034194525,1.9600475,2.1525000000000003,1.0,0.034194525,8
4.8,0.000728924609,-0.00039424672,0.00141415796,0.029698714285714283,2.240052857142857,1.9603571428571431,1.0,0.029698714285714283,7
4.6,0.00114612424,5.30902586e-05,0.0015903826,0.02569666,2.0907159999999996,1.7894999999999999,1.0,0.02569666,5
4.4,0.000857988953,0.000582522684,0.00150497416,0.0202914,2.17783,1.5575,1.0,0.0202914,8
4.2,0.000953166229,-0.000716587333,0.00311926024,0.01588153,2.0907159999999996,1.3675000000000002,1.0,0.01588153,10
4.0,0.000716921625,-0.000100131551,0.00120276172,0.011216623333333333,1.4518866666666668,1.1675,1.0,0.011216623333333333,6
3.8,0.000748869594,-9.82698541e-05,0.000312643926,0.006466082857142856,1.742262857142857,0.9639285714285715,1.0,0.006466082857142856,7
3.6,-0.000344979601,-5.94910523e-05,0.00113840522,0.0017703902250000003,1.5244824999999997,0.7625000000000001,0.875,0.0017703902250000003,8
3.4,0.000818471806,0.000189791935,0.0007806964,0.0,0.6533487499999999,0.56,0.0,0.0,8
3.2,0.000713810434,-2.07762304e-05,0.00089359213,0.0,1.250000000008189e-06,0.36749999999999994,0.0,0.0,8
3.0,0.000119095238,-0.000594768764,0.0005096506,0.0,0.5226789999999999,0.15425000000000003,0.9,0.0,10
2.8,0.000326764738,-0.000775389911,0.000472045205,-,-,-,-,-
2.6,7.73542505e-05,-0.000486627343,8.95699254e-05,-,-,-,-,-
2.4,-6.45713737e-05,-0.000337244499,0.00120955265,-,-,-,-,-
2.2,0.000379134851,-5.07331591e-05,0.00144332604,-,-,-,-,-
2.0,-5.4017677e-05,-0.000123779942,0.00192082678,-,-,-,-,-
1.8,-6.39609348e-05,0.000387290381,0.000763339037,-,-,-,-,-
1.6,-0.000202919413,0.000447057079,0.000434355363,-,-,-,-,-
1.4,0.000823179896,-5.36475071e-05,0.00137144571,-,-,-,-,-
1.2,-0.000409121083,-0.00031548994,0.00144380729,-,-,-,-,-
1.0,0.000503231368,-0.00095921613,0.000544164158,-,-,-,-,-
0.8,0.000146701905,-0.00017183525,0.000390830645,-,-,-,-,-
0.6,-3.39312739e-05,0.000813285363,0.00157615135,-,-,-,-,-
0.4,-0.000204961956,-0.000631498413,0.000422271394,-,-,-,-,-
0.2,0.000626655115,0.000415111025,0.000535223919,-,-,-,-,-
